dataset,split,protocol,data_role,input,tracker,method,internal_method,parent_method,sequence_count,sequences,aggregation,IDF1,delta_IDF1_vs_None,delta_IDF1_vs_parent,AssA,delta_AssA_vs_None,delta_AssA_vs_parent,IDSW,delta_IDSW_vs_None,delta_IDSW_vs_parent
M3OT,development,development,development selection,oracle-box tracker output; direct tracker-box BaseReID crops,bytetrack,H,cost_h,None,4,M3OT/1/ir/val/1-08T;M3OT/1/rgb/val/1-08;M3OT/2/ir/val/2-08T;M3OT/2/rgb/val/2-08,equal-sequence mean for IDF1/AssA; total for IDSW,98.62319496708365,1.7379671216860508,1.7379671216860508,94.19994511113885,1.9201571237026371,1.9201571237026371,5,-15,-15
M3OT,development,development,development selection,oracle-box tracker output; direct tracker-box BaseReID crops,bytetrack,H+V,cost_h_full_reassign,H,4,M3OT/1/ir/val/1-08T;M3OT/1/rgb/val/1-08;M3OT/2/ir/val/2-08T;M3OT/2/rgb/val/2-08,equal-sequence mean for IDF1/AssA; total for IDSW,98.80703651623246,1.9218086708348636,0.1838415491488128,94.37940271111657,2.09961472368035,0.17945759997771304,9,-11,4
M3OT,development,development,development selection,oracle-box tracker output; direct tracker-box BaseReID crops,bytetrack,None,no_refinement,None,4,M3OT/1/ir/val/1-08T;M3OT/1/rgb/val/1-08;M3OT/2/ir/val/2-08T;M3OT/2/rgb/val/2-08,equal-sequence mean for IDF1/AssA; total for IDSW,96.8852278453976,0.0,0.0,92.27978798743621,0.0,0.0,20,0,0
M3OT,development,development,development selection,oracle-box tracker output; direct tracker-box BaseReID crops,bytetrack,P-G,path_g,None,4,M3OT/1/ir/val/1-08T;M3OT/1/rgb/val/1-08;M3OT/2/ir/val/2-08T;M3OT/2/rgb/val/2-08,equal-sequence mean for IDF1/AssA; total for IDSW,98.50245889372954,1.617231048331952,1.617231048331952,93.93137366122394,1.651585673787725,1.651585673787725,9,-11,-11
M3OT,development,development,development selection,oracle-box tracker output; direct tracker-box BaseReID crops,bytetrack,P-G+V,path_g_full_reassign,P-G,4,M3OT/1/ir/val/1-08T;M3OT/1/rgb/val/1-08;M3OT/2/ir/val/2-08T;M3OT/2/rgb/val/2-08,equal-sequence mean for IDF1/AssA; total for IDSW,98.80703651623246,1.9218086708348636,0.30457762250291154,94.37940271111657,2.09961472368035,0.44802904989262515,9,-11,0
M3OT,development,development,development selection,oracle-box tracker output; direct tracker-box BaseReID crops,bytetrack,v1,ace_v1,None,4,M3OT/1/ir/val/1-08T;M3OT/1/rgb/val/1-08;M3OT/2/ir/val/2-08T;M3OT/2/rgb/val/2-08,equal-sequence mean for IDF1/AssA; total for IDSW,98.5023593141744,1.6171314687768046,1.6171314687768046,93.96168798921353,1.6819000017773185,1.6819000017773185,9,-11,-11
M3OT,development,development,development selection,oracle-box tracker output; direct tracker-box BaseReID crops,ocsort,H,cost_h,None,4,M3OT/1/ir/val/1-08T;M3OT/1/rgb/val/1-08;M3OT/2/ir/val/2-08T;M3OT/2/rgb/val/2-08,equal-sequence mean for IDF1/AssA; total for IDSW,98.32558290030127,2.228182523392089,2.228182523392089,97.10249517671116,2.554327112079271,2.554327112079271,6,-15,-15
M3OT,development,development,development selection,oracle-box tracker output; direct tracker-box BaseReID crops,ocsort,H+V,cost_h_full_reassign,H,4,M3OT/1/ir/val/1-08T;M3OT/1/rgb/val/1-08;M3OT/2/ir/val/2-08T;M3OT/2/rgb/val/2-08,equal-sequence mean for IDF1/AssA; total for IDSW,98.27593046733205,2.178530090422875,-0.04965243296921429,97.00620471158334,2.458036646951463,-0.09629046512780803,8,-13,2
M3OT,development,development,development selection,oracle-box tracker output; direct tracker-box BaseReID crops,ocsort,None,no_refinement,None,4,M3OT/1/ir/val/1-08T;M3OT/1/rgb/val/1-08;M3OT/2/ir/val/2-08T;M3OT/2/rgb/val/2-08,equal-sequence mean for IDF1/AssA; total for IDSW,96.09740037690918,0.0,0.0,94.54816806463188,0.0,0.0,21,0,0
M3OT,development,development,development selection,oracle-box tracker output; direct tracker-box BaseReID crops,ocsort,P-G,path_g,None,4,M3OT/1/ir/val/1-08T;M3OT/1/rgb/val/1-08;M3OT/2/ir/val/2-08T;M3OT/2/rgb/val/2-08,equal-sequence mean for IDF1/AssA; total for IDSW,98.24389150795744,2.1464911310482755,2.1464911310482755,96.91729046572033,2.3691224010884397,2.3691224010884397,10,-11,-11
M3OT,development,development,development selection,oracle-box tracker output; direct tracker-box BaseReID crops,ocsort,P-G+V,path_g_full_reassign,P-G,4,M3OT/1/ir/val/1-08T;M3OT/1/rgb/val/1-08;M3OT/2/ir/val/2-08T;M3OT/2/rgb/val/2-08,equal-sequence mean for IDF1/AssA; total for IDSW,98.24389150795744,2.1464911310482755,0.0,96.93129086119917,2.3831227965672923,0.014000395478852568,10,-11,0
M3OT,development,development,development selection,oracle-box tracker output; direct tracker-box BaseReID crops,ocsort,v1,ace_v1,None,4,M3OT/1/ir/val/1-08T;M3OT/1/rgb/val/1-08;M3OT/2/ir/val/2-08T;M3OT/2/rgb/val/2-08,equal-sequence mean for IDF1/AssA; total for IDSW,98.25991098764476,2.162510610735577,2.162510610735577,96.97591175654252,2.4277436919106314,2.4277436919106314,9,-12,-12
M3OT,held_out,held_out,exposed exploratory retest,oracle-box tracker output; direct tracker-box BaseReID crops,bytetrack,H,cost_h,None,4,M3OT/1/ir/test/1-03T;M3OT/1/rgb/test/1-03;M3OT/2/ir/test/2-03T;M3OT/2/rgb/test/2-03,equal-sequence mean for IDF1/AssA; total for IDSW,91.05114827909068,-5.72066790028213,-5.72066790028213,81.01103507796529,-7.421066825555293,-7.421066825555293,5,-1,-1
M3OT,held_out,held_out,exposed exploratory retest,oracle-box tracker output; direct tracker-box BaseReID crops,bytetrack,H+V,cost_h_full_reassign,H,4,M3OT/1/ir/test/1-03T;M3OT/1/rgb/test/1-03;M3OT/2/ir/test/2-03T;M3OT/2/rgb/test/2-03,equal-sequence mean for IDF1/AssA; total for IDSW,92.07828006203643,-4.693536117336393,1.0271317829457374,82.24978803296527,-6.182313870555316,1.2387529549999776,4,-2,-1
M3OT,held_out,held_out,exposed exploratory retest,oracle-box tracker output; direct tracker-box BaseReID crops,bytetrack,None,no_refinement,None,4,M3OT/1/ir/test/1-03T;M3OT/1/rgb/test/1-03;M3OT/2/ir/test/2-03T;M3OT/2/rgb/test/2-03,equal-sequence mean for IDF1/AssA; total for IDSW,96.77181617937282,0.0,0.0,88.43210190352059,0.0,0.0,6,0,0
M3OT,held_out,held_out,exposed exploratory retest,oracle-box tracker output; direct tracker-box BaseReID crops,bytetrack,P-G,path_g,None,4,M3OT/1/ir/test/1-03T;M3OT/1/rgb/test/1-03;M3OT/2/ir/test/2-03T;M3OT/2/rgb/test/2-03,equal-sequence mean for IDF1/AssA; total for IDSW,92.07828006203643,-4.693536117336393,-4.693536117336393,82.24978803296527,-6.182313870555316,-6.182313870555316,4,-2,-2
M3OT,held_out,held_out,exposed exploratory retest,oracle-box tracker output; direct tracker-box BaseReID crops,bytetrack,P-G+V,path_g_full_reassign,P-G,4,M3OT/1/ir/test/1-03T;M3OT/1/rgb/test/1-03;M3OT/2/ir/test/2-03T;M3OT/2/rgb/test/2-03,equal-sequence mean for IDF1/AssA; total for IDSW,92.07828006203643,-4.693536117336393,0.0,82.24978803296527,-6.182313870555316,0.0,4,-2,0
M3OT,held_out,held_out,exposed exploratory retest,oracle-box tracker output; direct tracker-box BaseReID crops,bytetrack,v1,ace_v1,None,4,M3OT/1/ir/test/1-03T;M3OT/1/rgb/test/1-03;M3OT/2/ir/test/2-03T;M3OT/2/rgb/test/2-03,equal-sequence mean for IDF1/AssA; total for IDSW,91.96200099226898,-4.809815187103833,-4.809815187103833,81.99057850014476,-6.441523403375818,-6.441523403375818,5,-1,-1
M3OT,held_out,held_out,exposed exploratory retest,oracle-box tracker output; direct tracker-box BaseReID crops,ocsort,H,cost_h,None,4,M3OT/1/ir/test/1-03T;M3OT/1/rgb/test/1-03;M3OT/2/ir/test/2-03T;M3OT/2/rgb/test/2-03,equal-sequence mean for IDF1/AssA; total for IDSW,93.95586209979427,-1.43676265222636,-1.43676265222636,90.82033560464683,-1.9471772324362533,-1.9471772324362533,5,0,0
M3OT,held_out,held_out,exposed exploratory retest,oracle-box tracker output; direct tracker-box BaseReID crops,ocsort,H+V,cost_h_full_reassign,H,4,M3OT/1/ir/test/1-03T;M3OT/1/rgb/test/1-03;M3OT/2/ir/test/2-03T;M3OT/2/rgb/test/2-03,equal-sequence mean for IDF1/AssA; total for IDSW,94.9196701249713,-0.472954627049333,0.9638080251770269,92.12919012677786,-0.6383227103052356,1.3088545221310177,4,-1,-1
M3OT,held_out,held_out,exposed exploratory retest,oracle-box tracker output; direct tracker-box BaseReID crops,ocsort,None,no_refinement,None,4,M3OT/1/ir/test/1-03T;M3OT/1/rgb/test/1-03;M3OT/2/ir/test/2-03T;M3OT/2/rgb/test/2-03,equal-sequence mean for IDF1/AssA; total for IDSW,95.39262475202064,0.0,0.0,92.76751283708309,0.0,0.0,5,0,0
M3OT,held_out,held_out,exposed exploratory retest,oracle-box tracker output; direct tracker-box BaseReID crops,ocsort,P-G,path_g,None,4,M3OT/1/ir/test/1-03T;M3OT/1/rgb/test/1-03;M3OT/2/ir/test/2-03T;M3OT/2/rgb/test/2-03,equal-sequence mean for IDF1/AssA; total for IDSW,94.9196701249713,-0.472954627049333,-0.472954627049333,92.12919012677786,-0.6383227103052356,-0.6383227103052356,4,-1,-1
M3OT,held_out,held_out,exposed exploratory retest,oracle-box tracker output; direct tracker-box BaseReID crops,ocsort,P-G+V,path_g_full_reassign,P-G,4,M3OT/1/ir/test/1-03T;M3OT/1/rgb/test/1-03;M3OT/2/ir/test/2-03T;M3OT/2/rgb/test/2-03,equal-sequence mean for IDF1/AssA; total for IDSW,94.9196701249713,-0.472954627049333,0.0,92.12919012677786,-0.6383227103052356,0.0,4,-1,0
M3OT,held_out,held_out,exposed exploratory retest,oracle-box tracker output; direct tracker-box BaseReID crops,ocsort,v1,ace_v1,None,4,M3OT/1/ir/test/1-03T;M3OT/1/rgb/test/1-03;M3OT/2/ir/test/2-03T;M3OT/2/rgb/test/2-03,equal-sequence mean for IDF1/AssA; total for IDSW,94.8409919188344,-0.5516328331862326,-0.5516328331862326,91.90887878844285,-0.8586340486402442,-0.8586340486402442,5,0,0
MMOT,test,official_detector,exposed exploratory retest,official detector,bytetrack,H,cost_h,None,50,data23-1;data24-1;data27-1;data28-1;data28-2;data28-3;data28-4;data28-5;data28-6;data30-10;data30-2;data30-3;data30-4;data30-5;data30-9;data31-1;data33-1;data34-1;data34-2;data34-3;data36-10;data36-11;data36-12;data36-13;data36-4;data36-5;data37-1;data37-10;data37-11;data37-12;data37-2;data39-1;data39-2;data39-3;data39-6;data40-3;data40-4;data40-5;data41-1;data42-1;data42-2;data42-3;data46-11;data46-12;data47-1;data47-2;data47-3;data47-4;data48-1;data49-2,equal-sequence mean for IDF1/AssA; total for IDSW,40.563010567702186,2.246669835897037,2.246669835897037,44.105388126177616,1.8169861347714362,1.8169861347714362,8405,-1919,-1919
MMOT,test,official_detector,exposed exploratory retest,official detector,bytetrack,H+V,cost_h_full_reassign,H,50,data23-1;data24-1;data27-1;data28-1;data28-2;data28-3;data28-4;data28-5;data28-6;data30-10;data30-2;data30-3;data30-4;data30-5;data30-9;data31-1;data33-1;data34-1;data34-2;data34-3;data36-10;data36-11;data36-12;data36-13;data36-4;data36-5;data37-1;data37-10;data37-11;data37-12;data37-2;data39-1;data39-2;data39-3;data39-6;data40-3;data40-4;data40-5;data41-1;data42-1;data42-2;data42-3;data46-11;data46-12;data47-1;data47-2;data47-3;data47-4;data48-1;data49-2,equal-sequence mean for IDF1/AssA; total for IDSW,40.46218162067082,2.145840888865676,-0.1008289470313613,44.05724512614301,1.7688431347368228,-0.04814300003461331,8466,-1858,61
MMOT,test,official_detector,exposed exploratory retest,official detector,bytetrack,None,no_refinement,None,50,data23-1;data24-1;data27-1;data28-1;data28-2;data28-3;data28-4;data28-5;data28-6;data30-10;data30-2;data30-3;data30-4;data30-5;data30-9;data31-1;data33-1;data34-1;data34-2;data34-3;data36-10;data36-11;data36-12;data36-13;data36-4;data36-5;data37-1;data37-10;data37-11;data37-12;data37-2;data39-1;data39-2;data39-3;data39-6;data40-3;data40-4;data40-5;data41-1;data42-1;data42-2;data42-3;data46-11;data46-12;data47-1;data47-2;data47-3;data47-4;data48-1;data49-2,equal-sequence mean for IDF1/AssA; total for IDSW,38.31634073180515,0.0,0.0,42.28840199140618,0.0,0.0,10324,0,0
MMOT,test,official_detector,exposed exploratory retest,official detector,bytetrack,P-G,path_g,None,50,data23-1;data24-1;data27-1;data28-1;data28-2;data28-3;data28-4;data28-5;data28-6;data30-10;data30-2;data30-3;data30-4;data30-5;data30-9;data31-1;data33-1;data34-1;data34-2;data34-3;data36-10;data36-11;data36-12;data36-13;data36-4;data36-5;data37-1;data37-10;data37-11;data37-12;data37-2;data39-1;data39-2;data39-3;data39-6;data40-3;data40-4;data40-5;data41-1;data42-1;data42-2;data42-3;data46-11;data46-12;data47-1;data47-2;data47-3;data47-4;data48-1;data49-2,equal-sequence mean for IDF1/AssA; total for IDSW,40.52926314088377,2.2129224090786264,2.2129224090786264,44.0865116538621,1.79810966245592,1.79810966245592,8371,-1953,-1953
MMOT,test,official_detector,exposed exploratory retest,official detector,bytetrack,P-G+V,path_g_full_reassign,P-G,50,data23-1;data24-1;data27-1;data28-1;data28-2;data28-3;data28-4;data28-5;data28-6;data30-10;data30-2;data30-3;data30-4;data30-5;data30-9;data31-1;data33-1;data34-1;data34-2;data34-3;data36-10;data36-11;data36-12;data36-13;data36-4;data36-5;data37-1;data37-10;data37-11;data37-12;data37-2;data39-1;data39-2;data39-3;data39-6;data40-3;data40-4;data40-5;data41-1;data42-1;data42-2;data42-3;data46-11;data46-12;data47-1;data47-2;data47-3;data47-4;data48-1;data49-2,equal-sequence mean for IDF1/AssA; total for IDSW,40.46207026741405,2.1457295356089,-0.0671928734697261,44.05503970337383,1.766637711967653,-0.031471950488267064,8464,-1860,93
MMOT,test,official_detector,exposed exploratory retest,official detector,bytetrack,v1,ace_v1,None,50,data23-1;data24-1;data27-1;data28-1;data28-2;data28-3;data28-4;data28-5;data28-6;data30-10;data30-2;data30-3;data30-4;data30-5;data30-9;data31-1;data33-1;data34-1;data34-2;data34-3;data36-10;data36-11;data36-12;data36-13;data36-4;data36-5;data37-1;data37-10;data37-11;data37-12;data37-2;data39-1;data39-2;data39-3;data39-6;data40-3;data40-4;data40-5;data41-1;data42-1;data42-2;data42-3;data46-11;data46-12;data47-1;data47-2;data47-3;data47-4;data48-1;data49-2,equal-sequence mean for IDF1/AssA; total for IDSW,39.96740133053277,1.6510605987276212,1.6510605987276212,43.754992136797625,1.466590145391444,1.466590145391444,8935,-1389,-1389
MMOT,test,official_detector,exposed exploratory retest,official detector,deepocsort,H,cost_h,None,50,data23-1;data24-1;data27-1;data28-1;data28-2;data28-3;data28-4;data28-5;data28-6;data30-10;data30-2;data30-3;data30-4;data30-5;data30-9;data31-1;data33-1;data34-1;data34-2;data34-3;data36-10;data36-11;data36-12;data36-13;data36-4;data36-5;data37-1;data37-10;data37-11;data37-12;data37-2;data39-1;data39-2;data39-3;data39-6;data40-3;data40-4;data40-5;data41-1;data42-1;data42-2;data42-3;data46-11;data46-12;data47-1;data47-2;data47-3;data47-4;data48-1;data49-2,equal-sequence mean for IDF1/AssA; total for IDSW,64.17182438841733,1.0866678650729096,1.0866678650729096,67.95142270721477,0.9471191974674582,0.9471191974674582,957,-413,-413
MMOT,test,official_detector,exposed exploratory retest,official detector,deepocsort,H+V,cost_h_full_reassign,H,50,data23-1;data24-1;data27-1;data28-1;data28-2;data28-3;data28-4;data28-5;data28-6;data30-10;data30-2;data30-3;data30-4;data30-5;data30-9;data31-1;data33-1;data34-1;data34-2;data34-3;data36-10;data36-11;data36-12;data36-13;data36-4;data36-5;data37-1;data37-10;data37-11;data37-12;data37-2;data39-1;data39-2;data39-3;data39-6;data40-3;data40-4;data40-5;data41-1;data42-1;data42-2;data42-3;data46-11;data46-12;data47-1;data47-2;data47-3;data47-4;data48-1;data49-2,equal-sequence mean for IDF1/AssA; total for IDSW,64.22176120081886,1.1366046774744247,0.04993681240151524,67.9791524832778,0.9748489735304751,0.0277297760630168,984,-386,27
MMOT,test,official_detector,exposed exploratory retest,official detector,deepocsort,None,no_refinement,None,50,data23-1;data24-1;data27-1;data28-1;data28-2;data28-3;data28-4;data28-5;data28-6;data30-10;data30-2;data30-3;data30-4;data30-5;data30-9;data31-1;data33-1;data34-1;data34-2;data34-3;data36-10;data36-11;data36-12;data36-13;data36-4;data36-5;data37-1;data37-10;data37-11;data37-12;data37-2;data39-1;data39-2;data39-3;data39-6;data40-3;data40-4;data40-5;data41-1;data42-1;data42-2;data42-3;data46-11;data46-12;data47-1;data47-2;data47-3;data47-4;data48-1;data49-2,equal-sequence mean for IDF1/AssA; total for IDSW,63.08515652334443,0.0,0.0,67.00430350974733,0.0,0.0,1370,0,0
MMOT,test,official_detector,exposed exploratory retest,official detector,deepocsort,P-G,path_g,None,50,data23-1;data24-1;data27-1;data28-1;data28-2;data28-3;data28-4;data28-5;data28-6;data30-10;data30-2;data30-3;data30-4;data30-5;data30-9;data31-1;data33-1;data34-1;data34-2;data34-3;data36-10;data36-11;data36-12;data36-13;data36-4;data36-5;data37-1;data37-10;data37-11;data37-12;data37-2;data39-1;data39-2;data39-3;data39-6;data40-3;data40-4;data40-5;data41-1;data42-1;data42-2;data42-3;data46-11;data46-12;data47-1;data47-2;data47-3;data47-4;data48-1;data49-2,equal-sequence mean for IDF1/AssA; total for IDSW,64.17207969544218,1.086923172097748,1.086923172097748,67.95635425950935,0.9520507497620279,0.9520507497620279,963,-407,-407
MMOT,test,official_detector,exposed exploratory retest,official detector,deepocsort,P-G+V,path_g_full_reassign,P-G,50,data23-1;data24-1;data27-1;data28-1;data28-2;data28-3;data28-4;data28-5;data28-6;data30-10;data30-2;data30-3;data30-4;data30-5;data30-9;data31-1;data33-1;data34-1;data34-2;data34-3;data36-10;data36-11;data36-12;data36-13;data36-4;data36-5;data37-1;data37-10;data37-11;data37-12;data37-2;data39-1;data39-2;data39-3;data39-6;data40-3;data40-4;data40-5;data41-1;data42-1;data42-2;data42-3;data46-11;data46-12;data47-1;data47-2;data47-3;data47-4;data48-1;data49-2,equal-sequence mean for IDF1/AssA; total for IDSW,64.22153214510105,1.1363756217566214,0.04945244965887362,67.97958238303374,0.9752788732864246,0.023228123524396977,989,-381,26
MMOT,test,official_detector,exposed exploratory retest,official detector,deepocsort,v1,ace_v1,None,50,data23-1;data24-1;data27-1;data28-1;data28-2;data28-3;data28-4;data28-5;data28-6;data30-10;data30-2;data30-3;data30-4;data30-5;data30-9;data31-1;data33-1;data34-1;data34-2;data34-3;data36-10;data36-11;data36-12;data36-13;data36-4;data36-5;data37-1;data37-10;data37-11;data37-12;data37-2;data39-1;data39-2;data39-3;data39-6;data40-3;data40-4;data40-5;data41-1;data42-1;data42-2;data42-3;data46-11;data46-12;data47-1;data47-2;data47-3;data47-4;data48-1;data49-2,equal-sequence mean for IDF1/AssA; total for IDSW,64.08300884293615,0.99785231959172,0.99785231959172,67.83676799973769,0.8324644899903604,0.8324644899903604,1046,-324,-324
MMOT,test,official_detector,exposed exploratory retest,official detector,ocsort,H,cost_h,None,50,data23-1;data24-1;data27-1;data28-1;data28-2;data28-3;data28-4;data28-5;data28-6;data30-10;data30-2;data30-3;data30-4;data30-5;data30-9;data31-1;data33-1;data34-1;data34-2;data34-3;data36-10;data36-11;data36-12;data36-13;data36-4;data36-5;data37-1;data37-10;data37-11;data37-12;data37-2;data39-1;data39-2;data39-3;data39-6;data40-3;data40-4;data40-5;data41-1;data42-1;data42-2;data42-3;data46-11;data46-12;data47-1;data47-2;data47-3;data47-4;data48-1;data49-2,equal-sequence mean for IDF1/AssA; total for IDSW,38.74189746024475,2.2801601710090793,2.2801601710090793,49.96778136252241,2.347772723926157,2.347772723926157,2668,-1595,-1595
MMOT,test,official_detector,exposed exploratory retest,official detector,ocsort,H+V,cost_h_full_reassign,H,50,data23-1;data24-1;data27-1;data28-1;data28-2;data28-3;data28-4;data28-5;data28-6;data30-10;data30-2;data30-3;data30-4;data30-5;data30-9;data31-1;data33-1;data34-1;data34-2;data34-3;data36-10;data36-11;data36-12;data36-13;data36-4;data36-5;data37-1;data37-10;data37-11;data37-12;data37-2;data39-1;data39-2;data39-3;data39-6;data40-3;data40-4;data40-5;data41-1;data42-1;data42-2;data42-3;data46-11;data46-12;data47-1;data47-2;data47-3;data47-4;data48-1;data49-2,equal-sequence mean for IDF1/AssA; total for IDSW,38.59344463308479,2.1317073438491247,-0.14845282715995428,49.78855124979584,2.1685426111995842,-0.17923011272657285,2805,-1458,137
MMOT,test,official_detector,exposed exploratory retest,official detector,ocsort,None,no_refinement,None,50,data23-1;data24-1;data27-1;data28-1;data28-2;data28-3;data28-4;data28-5;data28-6;data30-10;data30-2;data30-3;data30-4;data30-5;data30-9;data31-1;data33-1;data34-1;data34-2;data34-3;data36-10;data36-11;data36-12;data36-13;data36-4;data36-5;data37-1;data37-10;data37-11;data37-12;data37-2;data39-1;data39-2;data39-3;data39-6;data40-3;data40-4;data40-5;data41-1;data42-1;data42-2;data42-3;data46-11;data46-12;data47-1;data47-2;data47-3;data47-4;data48-1;data49-2,equal-sequence mean for IDF1/AssA; total for IDSW,36.46173728923567,0.0,0.0,47.62000863859625,0.0,0.0,4263,0,0
MMOT,test,official_detector,exposed exploratory retest,official detector,ocsort,P-G,path_g,None,50,data23-1;data24-1;data27-1;data28-1;data28-2;data28-3;data28-4;data28-5;data28-6;data30-10;data30-2;data30-3;data30-4;data30-5;data30-9;data31-1;data33-1;data34-1;data34-2;data34-3;data36-10;data36-11;data36-12;data36-13;data36-4;data36-5;data37-1;data37-10;data37-11;data37-12;data37-2;data39-1;data39-2;data39-3;data39-6;data40-3;data40-4;data40-5;data41-1;data42-1;data42-2;data42-3;data46-11;data46-12;data47-1;data47-2;data47-3;data47-4;data48-1;data49-2,equal-sequence mean for IDF1/AssA; total for IDSW,38.62502581362055,2.1632885243848796,2.1632885243848796,49.85468066069997,2.234672022103718,2.234672022103718,2729,-1534,-1534
MMOT,test,official_detector,exposed exploratory retest,official detector,ocsort,P-G+V,path_g_full_reassign,P-G,50,data23-1;data24-1;data27-1;data28-1;data28-2;data28-3;data28-4;data28-5;data28-6;data30-10;data30-2;data30-3;data30-4;data30-5;data30-9;data31-1;data33-1;data34-1;data34-2;data34-3;data36-10;data36-11;data36-12;data36-13;data36-4;data36-5;data37-1;data37-10;data37-11;data37-12;data37-2;data39-1;data39-2;data39-3;data39-6;data40-3;data40-4;data40-5;data41-1;data42-1;data42-2;data42-3;data46-11;data46-12;data47-1;data47-2;data47-3;data47-4;data48-1;data49-2,equal-sequence mean for IDF1/AssA; total for IDSW,38.58179565795121,2.1200583687155374,-0.043230155669342504,49.77799091738015,2.1579822787838965,-0.07668974331982191,2814,-1449,85
MMOT,test,official_detector,exposed exploratory retest,official detector,ocsort,v1,ace_v1,None,50,data23-1;data24-1;data27-1;data28-1;data28-2;data28-3;data28-4;data28-5;data28-6;data30-10;data30-2;data30-3;data30-4;data30-5;data30-9;data31-1;data33-1;data34-1;data34-2;data34-3;data36-10;data36-11;data36-12;data36-13;data36-4;data36-5;data37-1;data37-10;data37-11;data37-12;data37-2;data39-1;data39-2;data39-3;data39-6;data40-3;data40-4;data40-5;data41-1;data42-1;data42-2;data42-3;data46-11;data46-12;data47-1;data47-2;data47-3;data47-4;data48-1;data49-2,equal-sequence mean for IDF1/AssA; total for IDSW,38.08522975758765,1.6234924683519756,1.6234924683519756,49.24032648950324,1.6203178509069869,1.6203178509069869,3204,-1059,-1059
MMOT,test,oracle_aabb,exposed exploratory retest,oracle AABB,bytetrack,H,cost_h,None,50,data23-1;data24-1;data27-1;data28-1;data28-2;data28-3;data28-4;data28-5;data28-6;data30-10;data30-2;data30-3;data30-4;data30-5;data30-9;data31-1;data33-1;data34-1;data34-2;data34-3;data36-10;data36-11;data36-12;data36-13;data36-4;data36-5;data37-1;data37-10;data37-11;data37-12;data37-2;data39-1;data39-2;data39-3;data39-6;data40-3;data40-4;data40-5;data41-1;data42-1;data42-2;data42-3;data46-11;data46-12;data47-1;data47-2;data47-3;data47-4;data48-1;data49-2,equal-sequence mean for IDF1/AssA; total for IDSW,50.78353107074298,3.3460572693755366,3.3460572693755366,46.904686752703626,2.214826687638266,2.214826687638266,16462,-3594,-3594
MMOT,test,oracle_aabb,exposed exploratory retest,oracle AABB,bytetrack,H+V,cost_h_full_reassign,H,50,data23-1;data24-1;data27-1;data28-1;data28-2;data28-3;data28-4;data28-5;data28-6;data30-10;data30-2;data30-3;data30-4;data30-5;data30-9;data31-1;data33-1;data34-1;data34-2;data34-3;data36-10;data36-11;data36-12;data36-13;data36-4;data36-5;data37-1;data37-10;data37-11;data37-12;data37-2;data39-1;data39-2;data39-3;data39-6;data40-3;data40-4;data40-5;data41-1;data42-1;data42-2;data42-3;data46-11;data46-12;data47-1;data47-2;data47-3;data47-4;data48-1;data49-2,equal-sequence mean for IDF1/AssA; total for IDSW,50.45202141442305,3.0145476130556115,-0.33150965631992513,46.74433514751429,2.054475082448934,-0.16035160518933175,16636,-3420,174
MMOT,test,oracle_aabb,exposed exploratory retest,oracle AABB,bytetrack,None,no_refinement,None,50,data23-1;data24-1;data27-1;data28-1;data28-2;data28-3;data28-4;data28-5;data28-6;data30-10;data30-2;data30-3;data30-4;data30-5;data30-9;data31-1;data33-1;data34-1;data34-2;data34-3;data36-10;data36-11;data36-12;data36-13;data36-4;data36-5;data37-1;data37-10;data37-11;data37-12;data37-2;data39-1;data39-2;data39-3;data39-6;data40-3;data40-4;data40-5;data41-1;data42-1;data42-2;data42-3;data46-11;data46-12;data47-1;data47-2;data47-3;data47-4;data48-1;data49-2,equal-sequence mean for IDF1/AssA; total for IDSW,47.43747380136744,0.0,0.0,44.68986006506537,0.0,0.0,20056,0,0
MMOT,test,oracle_aabb,exposed exploratory retest,oracle AABB,bytetrack,P-G,path_g,None,50,data23-1;data24-1;data27-1;data28-1;data28-2;data28-3;data28-4;data28-5;data28-6;data30-10;data30-2;data30-3;data30-4;data30-5;data30-9;data31-1;data33-1;data34-1;data34-2;data34-3;data36-10;data36-11;data36-12;data36-13;data36-4;data36-5;data37-1;data37-10;data37-11;data37-12;data37-2;data39-1;data39-2;data39-3;data39-6;data40-3;data40-4;data40-5;data41-1;data42-1;data42-2;data42-3;data46-11;data46-12;data47-1;data47-2;data47-3;data47-4;data48-1;data49-2,equal-sequence mean for IDF1/AssA; total for IDSW,50.659070902698716,3.221597101331272,3.221597101331272,46.84407251574507,2.154212450679699,2.154212450679699,16437,-3619,-3619
MMOT,test,oracle_aabb,exposed exploratory retest,oracle AABB,bytetrack,P-G+V,path_g_full_reassign,P-G,50,data23-1;data24-1;data27-1;data28-1;data28-2;data28-3;data28-4;data28-5;data28-6;data30-10;data30-2;data30-3;data30-4;data30-5;data30-9;data31-1;data33-1;data34-1;data34-2;data34-3;data36-10;data36-11;data36-12;data36-13;data36-4;data36-5;data37-1;data37-10;data37-11;data37-12;data37-2;data39-1;data39-2;data39-3;data39-6;data40-3;data40-4;data40-5;data41-1;data42-1;data42-2;data42-3;data46-11;data46-12;data47-1;data47-2;data47-3;data47-4;data48-1;data49-2,equal-sequence mean for IDF1/AssA; total for IDSW,50.391333094298595,2.9538592929311522,-0.2677378084001197,46.71418226743457,2.0243222023692042,-0.12989024831049473,16650,-3406,213
MMOT,test,oracle_aabb,exposed exploratory retest,oracle AABB,bytetrack,v1,ace_v1,None,50,data23-1;data24-1;data27-1;data28-1;data28-2;data28-3;data28-4;data28-5;data28-6;data30-10;data30-2;data30-3;data30-4;data30-5;data30-9;data31-1;data33-1;data34-1;data34-2;data34-3;data36-10;data36-11;data36-12;data36-13;data36-4;data36-5;data37-1;data37-10;data37-11;data37-12;data37-2;data39-1;data39-2;data39-3;data39-6;data40-3;data40-4;data40-5;data41-1;data42-1;data42-2;data42-3;data46-11;data46-12;data47-1;data47-2;data47-3;data47-4;data48-1;data49-2,equal-sequence mean for IDF1/AssA; total for IDSW,49.716814283535086,2.279340482167637,2.279340482167637,46.33654084058153,1.646680775516169,1.646680775516169,17511,-2545,-2545
MMOT,test,oracle_aabb,exposed exploratory retest,oracle AABB,deepocsort,H,cost_h,None,50,data23-1;data24-1;data27-1;data28-1;data28-2;data28-3;data28-4;data28-5;data28-6;data30-10;data30-2;data30-3;data30-4;data30-5;data30-9;data31-1;data33-1;data34-1;data34-2;data34-3;data36-10;data36-11;data36-12;data36-13;data36-4;data36-5;data37-1;data37-10;data37-11;data37-12;data37-2;data39-1;data39-2;data39-3;data39-6;data40-3;data40-4;data40-5;data41-1;data42-1;data42-2;data42-3;data46-11;data46-12;data47-1;data47-2;data47-3;data47-4;data48-1;data49-2,equal-sequence mean for IDF1/AssA; total for IDSW,84.00150888501939,2.5154149649753763,2.5154149649753763,84.92829381404248,2.8655338426888775,2.8655338426888775,1174,-788,-788
MMOT,test,oracle_aabb,exposed exploratory retest,oracle AABB,deepocsort,H+V,cost_h_full_reassign,H,50,data23-1;data24-1;data27-1;data28-1;data28-2;data28-3;data28-4;data28-5;data28-6;data30-10;data30-2;data30-3;data30-4;data30-5;data30-9;data31-1;data33-1;data34-1;data34-2;data34-3;data36-10;data36-11;data36-12;data36-13;data36-4;data36-5;data37-1;data37-10;data37-11;data37-12;data37-2;data39-1;data39-2;data39-3;data39-6;data40-3;data40-4;data40-5;data41-1;data42-1;data42-2;data42-3;data46-11;data46-12;data47-1;data47-2;data47-3;data47-4;data48-1;data49-2,equal-sequence mean for IDF1/AssA; total for IDSW,83.95874403855461,2.472650118510599,-0.042764846464777406,84.9160144397639,2.85325446841028,-0.01227937427859743,1257,-705,83
MMOT,test,oracle_aabb,exposed exploratory retest,oracle AABB,deepocsort,None,no_refinement,None,50,data23-1;data24-1;data27-1;data28-1;data28-2;data28-3;data28-4;data28-5;data28-6;data30-10;data30-2;data30-3;data30-4;data30-5;data30-9;data31-1;data33-1;data34-1;data34-2;data34-3;data36-10;data36-11;data36-12;data36-13;data36-4;data36-5;data37-1;data37-10;data37-11;data37-12;data37-2;data39-1;data39-2;data39-3;data39-6;data40-3;data40-4;data40-5;data41-1;data42-1;data42-2;data42-3;data46-11;data46-12;data47-1;data47-2;data47-3;data47-4;data48-1;data49-2,equal-sequence mean for IDF1/AssA; total for IDSW,81.48609392004403,0.0,0.0,82.06275997135361,0.0,0.0,1962,0,0
MMOT,test,oracle_aabb,exposed exploratory retest,oracle AABB,deepocsort,P-G,path_g,None,50,data23-1;data24-1;data27-1;data28-1;data28-2;data28-3;data28-4;data28-5;data28-6;data30-10;data30-2;data30-3;data30-4;data30-5;data30-9;data31-1;data33-1;data34-1;data34-2;data34-3;data36-10;data36-11;data36-12;data36-13;data36-4;data36-5;data37-1;data37-10;data37-11;data37-12;data37-2;data39-1;data39-2;data39-3;data39-6;data40-3;data40-4;data40-5;data41-1;data42-1;data42-2;data42-3;data46-11;data46-12;data47-1;data47-2;data47-3;data47-4;data48-1;data49-2,equal-sequence mean for IDF1/AssA; total for IDSW,84.00386903368747,2.5177751136434354,2.5177751136434354,84.93026637547955,2.867506404125943,2.867506404125943,1198,-764,-764
MMOT,test,oracle_aabb,exposed exploratory retest,oracle AABB,deepocsort,P-G+V,path_g_full_reassign,P-G,50,data23-1;data24-1;data27-1;data28-1;data28-2;data28-3;data28-4;data28-5;data28-6;data30-10;data30-2;data30-3;data30-4;data30-5;data30-9;data31-1;data33-1;data34-1;data34-2;data34-3;data36-10;data36-11;data36-12;data36-13;data36-4;data36-5;data37-1;data37-10;data37-11;data37-12;data37-2;data39-1;data39-2;data39-3;data39-6;data40-3;data40-4;data40-5;data41-1;data42-1;data42-2;data42-3;data46-11;data46-12;data47-1;data47-2;data47-3;data47-4;data48-1;data49-2,equal-sequence mean for IDF1/AssA; total for IDSW,83.9551825918339,2.469088671789888,-0.04868644185354782,84.91097150315811,2.848211531804497,-0.019294872321446378,1260,-702,62
MMOT,test,oracle_aabb,exposed exploratory retest,oracle AABB,deepocsort,v1,ace_v1,None,50,data23-1;data24-1;data27-1;data28-1;data28-2;data28-3;data28-4;data28-5;data28-6;data30-10;data30-2;data30-3;data30-4;data30-5;data30-9;data31-1;data33-1;data34-1;data34-2;data34-3;data36-10;data36-11;data36-12;data36-13;data36-4;data36-5;data37-1;data37-10;data37-11;data37-12;data37-2;data39-1;data39-2;data39-3;data39-6;data40-3;data40-4;data40-5;data41-1;data42-1;data42-2;data42-3;data46-11;data46-12;data47-1;data47-2;data47-3;data47-4;data48-1;data49-2,equal-sequence mean for IDF1/AssA; total for IDSW,83.67010459435745,2.1840106743134284,2.1840106743134284,84.53797796291823,2.475217991564632,2.475217991564632,1377,-585,-585
MMOT,test,oracle_aabb,exposed exploratory retest,oracle AABB,ocsort,H,cost_h,None,50,data23-1;data24-1;data27-1;data28-1;data28-2;data28-3;data28-4;data28-5;data28-6;data30-10;data30-2;data30-3;data30-4;data30-5;data30-9;data31-1;data33-1;data34-1;data34-2;data34-3;data36-10;data36-11;data36-12;data36-13;data36-4;data36-5;data37-1;data37-10;data37-11;data37-12;data37-2;data39-1;data39-2;data39-3;data39-6;data40-3;data40-4;data40-5;data41-1;data42-1;data42-2;data42-3;data46-11;data46-12;data47-1;data47-2;data47-3;data47-4;data48-1;data49-2,equal-sequence mean for IDF1/AssA; total for IDSW,46.18531957078043,3.221531962247907,3.221531962247907,54.445377453356286,3.0147785862973273,3.0147785862973273,3547,-2572,-2572
MMOT,test,oracle_aabb,exposed exploratory retest,oracle AABB,ocsort,H+V,cost_h_full_reassign,H,50,data23-1;data24-1;data27-1;data28-1;data28-2;data28-3;data28-4;data28-5;data28-6;data30-10;data30-2;data30-3;data30-4;data30-5;data30-9;data31-1;data33-1;data34-1;data34-2;data34-3;data36-10;data36-11;data36-12;data36-13;data36-4;data36-5;data37-1;data37-10;data37-11;data37-12;data37-2;data39-1;data39-2;data39-3;data39-6;data40-3;data40-4;data40-5;data41-1;data42-1;data42-2;data42-3;data46-11;data46-12;data47-1;data47-2;data47-3;data47-4;data48-1;data49-2,equal-sequence mean for IDF1/AssA; total for IDSW,45.93085772979911,2.967070121266591,-0.2544618409813163,54.254280714637254,2.8236818475782974,-0.19109673871903005,3812,-2307,265
MMOT,test,oracle_aabb,exposed exploratory retest,oracle AABB,ocsort,None,no_refinement,None,50,data23-1;data24-1;data27-1;data28-1;data28-2;data28-3;data28-4;data28-5;data28-6;data30-10;data30-2;data30-3;data30-4;data30-5;data30-9;data31-1;data33-1;data34-1;data34-2;data34-3;data36-10;data36-11;data36-12;data36-13;data36-4;data36-5;data37-1;data37-10;data37-11;data37-12;data37-2;data39-1;data39-2;data39-3;data39-6;data40-3;data40-4;data40-5;data41-1;data42-1;data42-2;data42-3;data46-11;data46-12;data47-1;data47-2;data47-3;data47-4;data48-1;data49-2,equal-sequence mean for IDF1/AssA; total for IDSW,42.96378760853252,0.0,0.0,51.430598867058954,0.0,0.0,6119,0,0
MMOT,test,oracle_aabb,exposed exploratory retest,oracle AABB,ocsort,P-G,path_g,None,50,data23-1;data24-1;data27-1;data28-1;data28-2;data28-3;data28-4;data28-5;data28-6;data30-10;data30-2;data30-3;data30-4;data30-5;data30-9;data31-1;data33-1;data34-1;data34-2;data34-3;data36-10;data36-11;data36-12;data36-13;data36-4;data36-5;data37-1;data37-10;data37-11;data37-12;data37-2;data39-1;data39-2;data39-3;data39-6;data40-3;data40-4;data40-5;data41-1;data42-1;data42-2;data42-3;data46-11;data46-12;data47-1;data47-2;data47-3;data47-4;data48-1;data49-2,equal-sequence mean for IDF1/AssA; total for IDSW,46.0927464031944,3.12895879466188,3.12895879466188,54.38507663657171,2.954477769512759,2.954477769512759,3659,-2460,-2460
MMOT,test,oracle_aabb,exposed exploratory retest,oracle AABB,ocsort,P-G+V,path_g_full_reassign,P-G,50,data23-1;data24-1;data27-1;data28-1;data28-2;data28-3;data28-4;data28-5;data28-6;data30-10;data30-2;data30-3;data30-4;data30-5;data30-9;data31-1;data33-1;data34-1;data34-2;data34-3;data36-10;data36-11;data36-12;data36-13;data36-4;data36-5;data37-1;data37-10;data37-11;data37-12;data37-2;data39-1;data39-2;data39-3;data39-6;data40-3;data40-4;data40-5;data41-1;data42-1;data42-2;data42-3;data46-11;data46-12;data47-1;data47-2;data47-3;data47-4;data48-1;data49-2,equal-sequence mean for IDF1/AssA; total for IDSW,45.92939138290086,2.9656037743683332,-0.16335502029354665,54.257057732636575,2.8264588655776244,-0.12801890393513513,3817,-2302,158
MMOT,test,oracle_aabb,exposed exploratory retest,oracle AABB,ocsort,v1,ace_v1,None,50,data23-1;data24-1;data27-1;data28-1;data28-2;data28-3;data28-4;data28-5;data28-6;data30-10;data30-2;data30-3;data30-4;data30-5;data30-9;data31-1;data33-1;data34-1;data34-2;data34-3;data36-10;data36-11;data36-12;data36-13;data36-4;data36-5;data37-1;data37-10;data37-11;data37-12;data37-2;data39-1;data39-2;data39-3;data39-6;data40-3;data40-4;data40-5;data41-1;data42-1;data42-2;data42-3;data46-11;data46-12;data47-1;data47-2;data47-3;data47-4;data48-1;data49-2,equal-sequence mean for IDF1/AssA; total for IDSW,45.25381478226733,2.2900271737348112,2.2900271737348112,53.63882045073404,2.208221583675083,2.208221583675083,4441,-1678,-1678
