protocol,family,sequence,tracker,table4_method,d16_method,table4_IDF1,d16_IDF1,d16_minus_table4_IDF1,table4_AssA,d16_AssA,d16_minus_table4_AssA,table4_IDSW,d16_IDSW,d16_minus_table4_IDSW,table4_reconstructed_accepted_edges,table4_stored_accepted_edges,table4_reconstruction_count_matches,d16_reconstructed_accepted_edges,d16_stored_accepted_edges,d16_reconstruction_count_matches
oracle_aabb,legacy12,data28-1,bytetrack,geometry_reid_greedy_guard,path_g,38.4965496990163,36.734693877551024,-1.761855821465275,18.829242587253866,18.060230413620843,-0.7690121736330227,519,564,45,121,121,True,101,101,True
oracle_aabb,legacy12,data28-1,ocsort,geometry_reid_greedy_guard,path_g,24.826291079812208,24.60093896713615,-0.2253521126760596,15.270845616738518,15.079671793304787,-0.19117382343373102,263,274,11,107,107,True,87,87,True
oracle_aabb,legacy12,data28-1,deepocsort,geometry_reid_greedy_guard,path_g,90.60531361270885,90.60531361270885,0.0,94.61489932301119,94.61489932301119,0.0,13,13,0,1,1,True,1,1,True
oracle_aabb,legacy12,data28-2,bytetrack,geometry_reid_greedy_guard,path_g,83.31388564760793,83.31388564760793,0.0,68.77706658473382,68.77706658473382,0.0,31,31,0,5,5,True,5,5,True
oracle_aabb,legacy12,data28-2,ocsort,geometry_reid_greedy_guard,path_g,65.77777777777779,64.88888888888889,-0.8888888888888999,59.49937948892159,57.445346084165095,-2.0540334047564954,14,21,7,36,36,True,34,34,True
oracle_aabb,legacy12,data28-2,deepocsort,geometry_reid_greedy_guard,path_g,86.46748681898066,86.46748681898066,0.0,97.57605870084122,97.57605870084122,0.0,1,1,0,3,3,True,3,3,True
oracle_aabb,legacy12,data28-3,bytetrack,geometry_reid_greedy_guard,path_g,26.997245179063363,26.997245179063363,0.0,43.67110276343757,43.67110276343757,0.0,9,9,0,0,0,True,0,0,True
oracle_aabb,legacy12,data28-3,ocsort,geometry_reid_greedy_guard,path_g,25.142857142857146,25.142857142857146,0.0,60.53542202478375,60.53542202478375,0.0,3,3,0,0,0,True,0,0,True
oracle_aabb,legacy12,data28-3,deepocsort,geometry_reid_greedy_guard,path_g,12.844036697247708,12.844036697247708,0.0,48.539377289377285,48.539377289377285,0.0,3,3,0,0,0,True,0,0,True
oracle_aabb,legacy12,data28-4,bytetrack,geometry_reid_greedy_guard,path_g,6.557377049180328,6.557377049180328,0.0,23.784580777061972,23.784580777061972,0.0,4,4,0,1,1,True,1,1,True
oracle_aabb,legacy12,data28-4,ocsort,geometry_reid_greedy_guard,path_g,4.201680672268908,4.201680672268908,0.0,23.492578849721706,23.492578849721706,0.0,2,2,0,0,0,True,0,0,True
oracle_aabb,legacy12,data28-4,deepocsort,geometry_reid_greedy_guard,path_g,5.691056910569105,5.691056910569105,0.0,14.029341029341024,14.029341029341024,0.0,8,8,0,1,1,True,1,1,True
oracle_aabb,legacy12,data28-5,bytetrack,geometry_reid_greedy_guard,path_g,13.725490196078432,13.725490196078432,0.0,9.947650539136815,9.947650539136815,0.0,8,8,0,0,0,True,0,0,True
oracle_aabb,legacy12,data28-5,ocsort,geometry_reid_greedy_guard,path_g,19.718309859154928,19.718309859154928,0.0,25.35831626557432,25.3251214138311,-0.033194851743221676,10,9,-1,12,12,True,13,13,True
oracle_aabb,legacy12,data28-5,deepocsort,geometry_reid_greedy_guard,path_g,60.215053763440864,60.215053763440864,0.0,61.5556062254651,61.5556062254651,0.0,9,9,0,12,12,True,12,12,True
oracle_aabb,legacy12,data28-6,bytetrack,geometry_reid_greedy_guard,path_g,74.55919395465995,74.55919395465995,0.0,76.6355653609871,76.62564683021132,-0.009918530775777867,1,1,0,1,1,True,1,1,True
oracle_aabb,legacy12,data28-6,ocsort,geometry_reid_greedy_guard,path_g,73.52185089974293,73.52185089974293,0.0,83.98856184033401,83.98856184033401,0.0,1,1,0,1,1,True,1,1,True
oracle_aabb,legacy12,data28-6,deepocsort,geometry_reid_greedy_guard,path_g,50.90909090909091,50.90909090909091,0.0,86.62462843154397,86.62462843154397,0.0,2,2,0,0,0,True,0,0,True
oracle_aabb,legacy12,data30-10,bytetrack,geometry_reid_greedy_guard,path_g,67.95313576843556,67.8842177808408,-0.06891798759475876,68.4589392837794,68.44690913927423,-0.012030144505175144,260,268,8,122,122,True,109,109,True
oracle_aabb,legacy12,data30-10,ocsort,geometry_reid_greedy_guard,path_g,64.81040483605057,64.81040483605057,0.0,79.6584377840308,79.64735912089607,-0.011078663134725275,76,74,-2,161,161,True,161,161,True
oracle_aabb,legacy12,data30-10,deepocsort,geometry_reid_greedy_guard,path_g,94.63963638987086,94.63963638987086,0.0,93.09719464736122,93.09719464736122,0.0,18,18,0,20,20,True,20,20,True
oracle_aabb,legacy12,data30-2,bytetrack,geometry_reid_greedy_guard,path_g,52.94972391746585,50.15983725661145,-2.7898866608543997,42.968510078787446,41.18001695960529,-1.7884931191821565,408,500,92,193,193,True,156,156,True
oracle_aabb,legacy12,data30-2,ocsort,geometry_reid_greedy_guard,path_g,40.10942041374594,39.56231834501624,-0.5471020687296999,45.874086510058156,45.7484125699747,-0.125673940083459,93,109,16,105,105,True,96,96,True
oracle_aabb,legacy12,data30-2,deepocsort,geometry_reid_greedy_guard,path_g,93.36314426923981,93.36314426923981,0.0,92.10765083402039,92.2080391687372,0.1003883347168113,17,18,1,44,44,True,43,43,True
oracle_aabb,legacy12,data30-3,bytetrack,geometry_reid_greedy_guard,path_g,43.41903626766559,42.66984505363528,-0.7491912140303114,29.90745681416125,29.333994192989078,-0.5734626211721725,378,388,10,224,224,True,214,214,True
oracle_aabb,legacy12,data30-3,ocsort,geometry_reid_greedy_guard,path_g,29.12582516503301,29.405881176235248,0.28005601120223744,24.390875853196526,24.748720925762093,0.3578450725655671,185,185,0,171,171,True,160,160,True
oracle_aabb,legacy12,data30-3,deepocsort,geometry_reid_greedy_guard,path_g,92.68835140394773,92.66055045871559,-0.02780094523214416,91.58318072621408,91.53103118741154,-0.052149538802538586,17,19,2,25,25,True,24,24,True
oracle_aabb,legacy12,data30-4,bytetrack,geometry_reid_greedy_guard,path_g,45.28301886792453,43.63709353673224,-1.645925331192295,32.14797947393836,31.51982128150293,-0.628158192435432,253,267,14,93,93,True,82,82,True
oracle_aabb,legacy12,data30-4,ocsort,geometry_reid_greedy_guard,path_g,39.48306595365419,38.05704099821747,-1.4260249554367235,34.09365691955515,33.02662494888613,-1.0670319706690208,148,142,-6,60,60,True,56,56,True
oracle_aabb,legacy12,data30-4,deepocsort,geometry_reid_greedy_guard,path_g,89.85709306378529,89.54339491111885,-0.31369815266643286,88.2789271935095,88.02458381194377,-0.25434338156573233,28,27,-1,33,33,True,33,33,True
oracle_aabb,legacy12,data30-5,bytetrack,geometry_reid_greedy_guard,path_g,61.633054599114615,61.780619773733406,0.1475651746187907,65.65970345700221,65.67793940718157,0.01823595017935986,70,74,4,55,55,True,51,51,True
oracle_aabb,legacy12,data30-5,ocsort,geometry_reid_greedy_guard,path_g,57.503867973182054,57.400722021660656,-0.10314595152139816,76.01845421865153,75.84095419972276,-0.1775000189287681,19,21,2,39,39,True,38,38,True
oracle_aabb,legacy12,data30-5,deepocsort,geometry_reid_greedy_guard,path_g,92.49556824896592,92.37738822139059,-0.11818002757533463,88.87866654915678,88.60640232872511,-0.27226422043166565,11,10,-1,13,13,True,13,13,True
oracle_aabb,legacy12,data30-9,bytetrack,geometry_reid_greedy_guard,path_g,48.281343135306976,47.963441287502484,-0.3179018478044924,66.77747163299776,66.47099507056423,-0.30647656243353083,133,130,-3,108,108,True,106,106,True
oracle_aabb,legacy12,data30-9,ocsort,geometry_reid_greedy_guard,path_g,49.046653144016226,49.08722109533469,0.040567951318465134,70.2971898698966,70.49519638045481,0.1980065105582156,62,58,-4,154,154,True,154,154,True
oracle_aabb,legacy12,data30-9,deepocsort,geometry_reid_greedy_guard,path_g,93.44120196475008,93.35452181450448,-0.0866801502455985,91.25076859723387,91.05434595053751,-0.19642264669636234,17,18,1,16,16,True,16,16,True
oracle_aabb,confirmation38,data23-1,bytetrack,geometry_reid_greedy_guard,path_g,82.96795952782462,82.63069139966274,-0.337268128161881,75.1758433119087,74.83092173558448,-0.34492157632421083,65,72,7,33,33,True,26,26,True
oracle_aabb,confirmation38,data23-1,ocsort,geometry_reid_greedy_guard,path_g,75.4870865428183,75.39646579066607,-0.09062075215223331,77.3997579741191,77.37433340074176,-0.025424573377335946,34,38,4,12,12,True,9,9,True
oracle_aabb,confirmation38,data23-1,deepocsort,geometry_reid_greedy_guard,path_g,96.2363415621206,96.2363415621206,0.0,96.15847249999845,96.15847249999845,0.0,2,2,0,1,1,True,1,1,True
oracle_aabb,confirmation38,data24-1,bytetrack,geometry_reid_greedy_guard,path_g,56.22783941438866,54.90106370810934,-1.3267757062793208,53.49880746336798,52.85560929589843,-0.6431981674695493,638,707,69,477,477,True,429,429,True
oracle_aabb,confirmation38,data24-1,ocsort,geometry_reid_greedy_guard,path_g,49.00439617274373,49.01732609257823,0.012929919834498094,61.86279995332006,61.859322607306865,-0.0034773460131916067,206,208,2,62,62,True,62,62,True
oracle_aabb,confirmation38,data24-1,deepocsort,geometry_reid_greedy_guard,path_g,77.76524859046643,77.52947206560738,-0.2357765248590482,77.96627314255599,77.63141227560382,-0.33486086695216954,135,147,12,147,147,True,131,131,True
oracle_aabb,confirmation38,data27-1,bytetrack,geometry_reid_greedy_guard,path_g,41.17647058823529,38.23529411764706,-2.941176470588232,33.43222418514879,32.398531027449714,-1.0336931576990764,14,18,4,6,6,True,4,4,True
oracle_aabb,confirmation38,data27-1,ocsort,geometry_reid_greedy_guard,path_g,18.58407079646018,18.58407079646018,0.0,18.941775278984583,18.941775278984583,0.0,2,2,0,2,2,True,2,2,True
oracle_aabb,confirmation38,data27-1,deepocsort,geometry_reid_greedy_guard,path_g,72.78287461773701,72.78287461773701,0.0,77.61188764723649,77.61188764723649,0.0,5,5,0,0,0,True,0,0,True
oracle_aabb,confirmation38,data31-1,bytetrack,geometry_reid_greedy_guard,path_g,11.142061281337048,10.770659238625813,-0.3714020427112352,3.8299294613451655,3.6666529863929513,-0.1632764749522142,35,36,1,44,44,True,42,42,True
oracle_aabb,confirmation38,data31-1,ocsort,geometry_reid_greedy_guard,path_g,3.7383177570093453,3.7383177570093453,0.0,1.7619158769787824,1.7619158769787824,0.0,13,13,0,8,8,True,8,8,True
oracle_aabb,confirmation38,data31-1,deepocsort,geometry_reid_greedy_guard,path_g,98.4766050054407,98.4766050054407,0.0,97.07618004953056,97.07618004953056,0.0,0,0,0,2,2,True,2,2,True
oracle_aabb,confirmation38,data33-1,bytetrack,geometry_reid_greedy_guard,path_g,26.451612903225808,19.56989247311828,-6.881720430107528,17.071050511425284,13.018922729593665,-4.052127781831619,45,66,21,74,74,True,66,66,True
oracle_aabb,confirmation38,data33-1,ocsort,geometry_reid_greedy_guard,path_g,15.159574468085108,14.893617021276595,-0.2659574468085122,13.113154621581963,13.029447103528948,-0.08370751805301424,19,20,1,11,11,True,11,11,True
oracle_aabb,confirmation38,data33-1,deepocsort,geometry_reid_greedy_guard,path_g,88.35341365461848,88.35341365461848,0.0,82.0559288453294,82.0559288453294,0.0,8,8,0,10,10,True,10,10,True
oracle_aabb,confirmation38,data34-1,bytetrack,geometry_reid_greedy_guard,path_g,23.97050482132728,20.306296086216676,-3.6642087351106056,17.61477457185388,14.973783435327533,-2.6409911365263454,3098,3291,193,777,777,True,648,648,True
oracle_aabb,confirmation38,data34-1,ocsort,geometry_reid_greedy_guard,path_g,13.562456654080297,13.16174770748247,-0.4007089465978275,47.07916336361397,44.233540289493654,-2.8456230741203186,98,127,29,146,146,True,128,128,True
oracle_aabb,confirmation38,data34-1,deepocsort,geometry_reid_greedy_guard,path_g,78.49316308974011,79.15421534003441,0.6610522502943041,71.28046245059222,72.28285021832033,1.0023877677281092,117,114,-3,136,136,True,133,133,True
oracle_aabb,confirmation38,data34-2,bytetrack,geometry_reid_greedy_guard,path_g,58.56573705179283,57.76892430278885,-0.7968127490039834,69.46860986742095,68.97309699582568,-0.4955128715952668,148,164,16,114,114,True,107,107,True
oracle_aabb,confirmation38,data34-2,ocsort,geometry_reid_greedy_guard,path_g,54.47103274559194,54.47103274559194,0.0,91.67721458510171,91.66896971665082,-0.008244868450887566,6,7,1,21,21,True,21,21,True
oracle_aabb,confirmation38,data34-2,deepocsort,geometry_reid_greedy_guard,path_g,91.89691200371487,92.03622010680289,0.13930810308801256,89.02774952852027,89.11377501041822,0.08602548189794845,11,10,-1,14,14,True,13,13,True
oracle_aabb,confirmation38,data34-3,bytetrack,geometry_reid_greedy_guard,path_g,14.645858343337334,13.985594237695079,-0.6602641056422556,11.53020151226252,11.299854928566191,-0.23034658369632943,443,457,14,153,153,True,121,121,True
oracle_aabb,confirmation38,data34-3,ocsort,geometry_reid_greedy_guard,path_g,15.997229916897506,16.20498614958449,0.2077562326869824,21.3750978664014,21.325093477583394,-0.05000438881800662,61,53,-8,131,131,True,130,130,True
oracle_aabb,confirmation38,data34-3,deepocsort,geometry_reid_greedy_guard,path_g,76.1822125813449,75.66160520607376,-0.5206073752711404,70.56877226677398,69.31528558895592,-1.25348667781806,53,56,3,70,70,True,66,66,True
oracle_aabb,confirmation38,data36-10,bytetrack,geometry_reid_greedy_guard,path_g,43.511314789157694,43.95182777363317,0.4405129844754754,54.578841320368596,54.582203915116914,0.003362594748317349,2047,2146,99,944,944,True,773,773,True
oracle_aabb,confirmation38,data36-10,ocsort,geometry_reid_greedy_guard,path_g,43.07531548910859,43.155694879832815,0.08037939072422517,84.34401941082126,84.34961486544627,0.005595454625009211,126,121,-5,211,211,True,202,202,True
oracle_aabb,confirmation38,data36-10,deepocsort,geometry_reid_greedy_guard,path_g,82.59872329842209,82.36659573880122,-0.23212755962086362,76.80350407342222,75.72343191862491,-1.080072154797307,197,222,25,213,213,True,197,197,True
oracle_aabb,confirmation38,data36-11,bytetrack,geometry_reid_greedy_guard,path_g,49.9961788307222,49.84333205961024,-0.15284677111196032,64.45974823577598,64.39038453932471,-0.06936369645126206,815,865,50,309,309,True,258,258,True
oracle_aabb,confirmation38,data36-11,ocsort,geometry_reid_greedy_guard,path_g,52.13815789473685,52.03947368421053,-0.09868421052632215,83.24954993808667,83.1988209588442,-0.050728979242478545,85,94,9,230,230,True,229,229,True
oracle_aabb,confirmation38,data36-11,deepocsort,geometry_reid_greedy_guard,path_g,93.67029639550456,93.90322017119898,0.2329237756944167,90.48359347807559,90.91333510581141,0.42974162773582236,41,42,1,28,28,True,27,27,True
oracle_aabb,confirmation38,data36-12,bytetrack,geometry_reid_greedy_guard,path_g,71.52180361910412,71.16582616434293,-0.35597745476118803,65.1123745881732,64.93646067308674,-0.17591391508645415,94,104,10,68,68,True,61,61,True
oracle_aabb,confirmation38,data36-12,ocsort,geometry_reid_greedy_guard,path_g,72.34567901234567,72.34567901234567,0.0,74.53738634015042,74.53518658880587,-0.0021997513445484174,44,43,-1,38,38,True,39,39,True
oracle_aabb,confirmation38,data36-12,deepocsort,geometry_reid_greedy_guard,path_g,94.8780487804878,94.8780487804878,0.0,92.53534328929615,92.5366910671387,0.00134777784255391,8,8,0,8,8,True,8,8,True
oracle_aabb,confirmation38,data36-13,bytetrack,geometry_reid_greedy_guard,path_g,80.8837066584842,79.28812519177661,-1.5955814667075856,67.17139963188217,66.42572350978536,-0.7456761220968104,54,71,17,35,35,True,27,27,True
oracle_aabb,confirmation38,data36-13,ocsort,geometry_reid_greedy_guard,path_g,76.58884565499352,76.58884565499352,0.0,79.37597274344834,79.37597274344834,0.0,25,25,0,20,20,True,20,20,True
oracle_aabb,confirmation38,data36-13,deepocsort,geometry_reid_greedy_guard,path_g,90.85043988269794,90.6158357771261,-0.2346041055718473,87.49381182616271,86.7867138355449,-0.707097990617811,14,15,1,7,7,True,7,7,True
oracle_aabb,confirmation38,data36-4,bytetrack,geometry_reid_greedy_guard,path_g,55.49514563106796,54.06796116504854,-1.4271844660194262,52.89552709775327,52.41963211721963,-0.47589498053364565,719,818,99,686,686,True,615,615,True
oracle_aabb,confirmation38,data36-4,ocsort,geometry_reid_greedy_guard,path_g,43.848288621646624,44.000652990150726,0.1523643685041023,54.00484458495159,53.945146267729726,-0.05969831722186569,182,192,10,207,207,True,199,199,True
oracle_aabb,confirmation38,data36-4,deepocsort,geometry_reid_greedy_guard,path_g,89.9070707070707,89.89090909090909,-0.016161616161610937,85.96821920182973,86.0205124398684,0.05229323803867203,52,54,2,67,67,True,64,64,True
oracle_aabb,confirmation38,data36-5,bytetrack,geometry_reid_greedy_guard,path_g,75.33274179236912,74.32712215320912,-1.0056196391600025,72.4804642073571,72.2059251231375,-0.2745390842195974,294,367,73,263,263,True,229,229,True
oracle_aabb,confirmation38,data36-5,ocsort,geometry_reid_greedy_guard,path_g,72.2848200312989,72.31611893583725,0.03129890453834605,83.46172888911758,83.4647499688664,0.0030210797488194885,101,98,-3,117,117,True,116,116,True
oracle_aabb,confirmation38,data36-5,deepocsort,geometry_reid_greedy_guard,path_g,96.46431821136098,96.46431821136098,0.0,95.53296300419632,95.53296300419632,0.0,7,7,0,26,26,True,26,26,True
oracle_aabb,confirmation38,data37-1,bytetrack,geometry_reid_greedy_guard,path_g,64.10336726703211,62.889584964761156,-1.2137823022709568,51.97759046618815,51.39572286356324,-0.5818676026249037,755,893,138,481,481,True,393,393,True
oracle_aabb,confirmation38,data37-1,ocsort,geometry_reid_greedy_guard,path_g,63.720025923525604,63.00280838193994,-0.7172175415856614,65.47703566928969,64.94722689681075,-0.529808772478944,297,334,37,226,226,True,207,207,True
oracle_aabb,confirmation38,data37-1,deepocsort,geometry_reid_greedy_guard,path_g,95.26570048309179,95.27285739846127,0.007156915369478156,93.74365193661008,93.72242859602945,-0.02122334058063302,21,22,1,41,41,True,41,41,True
oracle_aabb,confirmation38,data37-10,bytetrack,geometry_reid_greedy_guard,path_g,76.52424387902064,76.06817090734518,-0.4560729716754679,63.45736682192371,63.3377312493256,-0.11963557259811353,100,120,20,79,79,True,74,74,True
oracle_aabb,confirmation38,data37-10,ocsort,geometry_reid_greedy_guard,path_g,69.03707452866,69.03707452866,0.0,68.04202855913547,68.04202855913547,0.0,63,63,0,19,19,True,19,19,True
oracle_aabb,confirmation38,data37-10,deepocsort,geometry_reid_greedy_guard,path_g,89.86175115207374,89.86175115207374,0.0,85.44971450233778,85.44971450233778,0.0,29,29,0,12,12,True,12,12,True
oracle_aabb,confirmation38,data37-11,bytetrack,geometry_reid_greedy_guard,path_g,81.87366493744278,80.74458346048215,-1.1290814769606357,71.99589363572707,71.50415329299014,-0.49174034273693223,332,410,78,218,218,True,189,189,True
oracle_aabb,confirmation38,data37-11,ocsort,geometry_reid_greedy_guard,path_g,72.16427284146143,72.1096608595926,-0.054611981868831094,73.67221697715698,73.7938030039101,0.12158602675312125,134,140,6,49,49,True,46,46,True
oracle_aabb,confirmation38,data37-11,deepocsort,geometry_reid_greedy_guard,path_g,93.90858028278133,94.08289754018982,0.17431725740848947,92.51908506171797,92.79956900360904,0.2804839418910632,16,15,-1,16,16,True,16,16,True
oracle_aabb,confirmation38,data37-12,bytetrack,geometry_reid_greedy_guard,path_g,92.67399267399267,92.67399267399267,0.0,89.69969392133119,89.69969392133119,0.0,7,7,0,5,5,True,5,5,True
oracle_aabb,confirmation38,data37-12,ocsort,geometry_reid_greedy_guard,path_g,89.68657915885348,89.57942673452986,-0.10715242432361549,92.24193813292779,92.15896879537556,-0.08296933755222824,3,4,1,6,6,True,5,5,True
oracle_aabb,confirmation38,data37-12,deepocsort,geometry_reid_greedy_guard,path_g,95.23565573770492,95.23565573770492,0.0,94.04892588032418,94.04892588032418,0.0,2,2,0,0,0,True,0,0,True
oracle_aabb,confirmation38,data37-2,bytetrack,geometry_reid_greedy_guard,path_g,55.94867807153966,55.24883359253499,-0.6998444790046676,47.78188668178249,47.32269121416199,-0.45919546762049634,670,681,11,175,175,True,153,153,True
oracle_aabb,confirmation38,data37-2,ocsort,geometry_reid_greedy_guard,path_g,56.395870736086174,55.22890484739676,-1.1669658886894112,58.09740275542404,57.51730201746608,-0.580100737957963,260,287,27,178,178,True,161,161,True
oracle_aabb,confirmation38,data37-2,deepocsort,geometry_reid_greedy_guard,path_g,85.55833102044592,85.59533721898418,0.03700619853826481,77.35509518594695,77.47574986476519,0.12065467881824077,48,50,2,28,28,True,27,27,True
oracle_aabb,confirmation38,data39-1,bytetrack,geometry_reid_greedy_guard,path_g,57.0334928229665,56.84210526315789,-0.19138755980861077,58.34349781469521,58.03614815506338,-0.30734965963183214,73,70,-3,41,41,True,39,39,True
oracle_aabb,confirmation38,data39-1,ocsort,geometry_reid_greedy_guard,path_g,52.06703910614525,51.84357541899441,-0.22346368715083997,81.8579170024419,81.75410094071293,-0.1038160617289634,7,9,2,11,11,True,10,10,True
oracle_aabb,confirmation38,data39-1,deepocsort,geometry_reid_greedy_guard,path_g,76.78571428571429,78.21428571428571,1.4285714285714164,74.3440229228678,75.14949324488441,0.8054703220166175,6,8,2,10,10,True,9,9,True
oracle_aabb,confirmation38,data39-2,bytetrack,geometry_reid_greedy_guard,path_g,13.23251417769376,14.744801512287333,1.512287334593573,7.818004020687348,9.197077939716545,1.3790739190291967,21,20,-1,21,21,True,21,21,True
oracle_aabb,confirmation38,data39-2,ocsort,geometry_reid_greedy_guard,path_g,13.385826771653544,13.385826771653544,0.0,7.310592426611508,7.310592426611508,0.0,9,9,0,9,9,True,9,9,True
oracle_aabb,confirmation38,data39-2,deepocsort,geometry_reid_greedy_guard,path_g,90.98998887652948,90.98998887652948,0.0,86.43504732865811,86.43504732865811,0.0,4,4,0,3,3,True,3,3,True
oracle_aabb,confirmation38,data39-3,bytetrack,geometry_reid_greedy_guard,path_g,21.105527638190953,18.341708542713565,-2.7638190954773876,12.795204529618484,11.15536786952153,-1.6398366600969538,128,145,17,78,78,True,69,69,True
oracle_aabb,confirmation38,data39-3,ocsort,geometry_reid_greedy_guard,path_g,8.656716417910449,8.358208955223882,-0.29850746268656714,13.1575977855711,12.995201980154702,-0.16239580541639853,12,13,1,24,24,True,25,25,True
oracle_aabb,confirmation38,data39-3,deepocsort,geometry_reid_greedy_guard,path_g,84.58662235147486,84.58662235147486,0.0,80.83342281855417,80.83342281855417,0.0,9,9,0,9,9,True,9,9,True
oracle_aabb,confirmation38,data39-6,bytetrack,geometry_reid_greedy_guard,path_g,59.87451449058858,56.46847923513594,-3.406035255452643,53.9184944105706,52.813889479061224,-1.1046049315093782,123,147,24,93,93,True,80,80,True
oracle_aabb,confirmation38,data39-6,ocsort,geometry_reid_greedy_guard,path_g,55.95585848750406,55.89094449853943,-0.06491398896462641,64.80977984850075,64.73501110739636,-0.07476874110439269,29,31,2,34,34,True,33,33,True
oracle_aabb,confirmation38,data39-6,deepocsort,geometry_reid_greedy_guard,path_g,91.65168250706395,91.65168250706395,0.0,86.93958876176315,86.93958876176315,0.0,9,9,0,4,4,True,4,4,True
oracle_aabb,confirmation38,data40-3,bytetrack,geometry_reid_greedy_guard,path_g,57.23830734966593,56.347438752783965,-0.8908685968819654,65.72740497354904,64.51062253173102,-1.216782441818026,12,15,3,9,9,True,8,8,True
oracle_aabb,confirmation38,data40-3,ocsort,geometry_reid_greedy_guard,path_g,49.8812351543943,49.8812351543943,0.0,68.29864662626619,68.29864662626619,0.0,4,4,0,28,28,True,28,28,True
oracle_aabb,confirmation38,data40-3,deepocsort,geometry_reid_greedy_guard,path_g,65.70841889117042,65.70841889117042,0.0,74.66612302220702,74.66612302220702,0.0,6,6,0,21,21,True,21,21,True
oracle_aabb,confirmation38,data40-4,bytetrack,geometry_reid_greedy_guard,path_g,12.699386503067483,12.392638036809817,-0.30674846625766605,9.2082290307459,9.045452747023111,-0.1627762837227884,276,281,5,171,171,True,146,146,True
oracle_aabb,confirmation38,data40-4,ocsort,geometry_reid_greedy_guard,path_g,13.515312916111851,13.648468708388814,0.13315579227696261,21.239262071510044,20.71987495667668,-0.5193871148333642,55,48,-7,125,125,True,126,126,True
oracle_aabb,confirmation38,data40-4,deepocsort,geometry_reid_greedy_guard,path_g,95.6179775280899,95.6179775280899,0.0,93.4057576805705,93.4057576805705,0.0,3,3,0,3,3,True,3,3,True
oracle_aabb,confirmation38,data40-5,bytetrack,geometry_reid_greedy_guard,path_g,74.75583512663466,74.49097831484853,-0.26485681178613163,71.52517691678786,71.35775801333074,-0.16741890345711852,94,118,24,91,91,True,76,76,True
oracle_aabb,confirmation38,data40-5,ocsort,geometry_reid_greedy_guard,path_g,68.16901408450704,68.16901408450704,0.0,77.24260028511783,77.24260028511783,0.0,35,35,0,28,28,True,28,28,True
oracle_aabb,confirmation38,data40-5,deepocsort,geometry_reid_greedy_guard,path_g,88.85206387466104,88.85206387466104,0.0,89.1805347298345,89.1805347298345,0.0,25,25,0,22,22,True,22,22,True
oracle_aabb,confirmation38,data41-1,bytetrack,geometry_reid_greedy_guard,path_g,50.39370078740157,50.39370078740157,0.0,49.9259943603308,49.9259943603308,0.0,14,14,0,1,1,True,1,1,True
oracle_aabb,confirmation38,data41-1,ocsort,geometry_reid_greedy_guard,path_g,38.21656050955414,39.490445859872615,1.2738853503184728,51.067069261893714,52.97130278993023,1.9042335280365137,6,6,0,14,14,True,13,13,True
oracle_aabb,confirmation38,data41-1,deepocsort,geometry_reid_greedy_guard,path_g,54.400000000000006,54.400000000000006,0.0,81.99194360336483,81.99194360336483,0.0,1,1,0,9,9,True,9,9,True
oracle_aabb,confirmation38,data42-1,bytetrack,geometry_reid_greedy_guard,path_g,69.2971639950678,69.06816980799718,-0.2289941870706258,60.47812547406487,60.42174186174086,-0.05638361232400513,259,265,6,81,81,True,78,78,True
oracle_aabb,confirmation38,data42-1,ocsort,geometry_reid_greedy_guard,path_g,61.16477001051926,61.24127378789328,0.0765037773740147,61.729386079082616,62.15751046428978,0.42812438520716256,128,131,3,64,64,True,59,59,True
oracle_aabb,confirmation38,data42-1,deepocsort,geometry_reid_greedy_guard,path_g,69.47406146402653,69.93996953677986,0.46590807275332224,69.47601998147806,69.80117536779052,0.3251553863124599,102,103,1,56,56,True,54,54,True
oracle_aabb,confirmation38,data42-2,bytetrack,geometry_reid_greedy_guard,path_g,56.36123928806855,56.163480553724455,-0.19775873434409874,61.60906603284031,61.4386411735894,-0.17042485925090745,67,69,2,44,44,True,42,42,True
oracle_aabb,confirmation38,data42-2,ocsort,geometry_reid_greedy_guard,path_g,50.75998586072817,50.75998586072817,0.0,69.13922322055716,69.13922322055716,0.0,23,23,0,35,35,True,35,35,True
oracle_aabb,confirmation38,data42-2,deepocsort,geometry_reid_greedy_guard,path_g,78.99581589958159,79.442119944212,0.4463040446304092,74.95775191153115,75.50605894810592,0.5483070365747693,30,30,0,31,31,True,29,29,True
oracle_aabb,confirmation38,data42-3,bytetrack,geometry_reid_greedy_guard,path_g,77.41167129813418,76.85589519650655,-0.5557761016276288,59.95061721894089,59.771146371233364,-0.17947084770752753,105,108,3,20,20,True,16,16,True
oracle_aabb,confirmation38,data42-3,ocsort,geometry_reid_greedy_guard,path_g,78.28643427131458,78.03443931121377,-0.25199496010080225,69.6517866413864,69.61825322188928,-0.03353341949711819,38,41,3,36,36,True,34,34,True
oracle_aabb,confirmation38,data42-3,deepocsort,geometry_reid_greedy_guard,path_g,96.953125,96.953125,0.0,97.83964078877048,97.83964078877048,0.0,1,1,0,7,7,True,7,7,True
oracle_aabb,confirmation38,data46-11,bytetrack,geometry_reid_greedy_guard,path_g,65.20635381156161,62.07296728802495,-3.1333865235366645,45.094943527418486,42.61856991972758,-2.4763736076909098,538,598,60,275,275,True,228,228,True
oracle_aabb,confirmation38,data46-11,ocsort,geometry_reid_greedy_guard,path_g,62.26850011922741,60.94905015499563,-1.3194499642317794,51.598797291251316,49.997458559574994,-1.6013387316763215,239,256,17,216,216,True,201,201,True
oracle_aabb,confirmation38,data46-11,deepocsort,geometry_reid_greedy_guard,path_g,95.44325884168848,95.44325884168848,0.0,94.41622677458746,94.41622677458746,0.0,21,21,0,7,7,True,7,7,True
oracle_aabb,confirmation38,data46-12,bytetrack,geometry_reid_greedy_guard,path_g,88.00936768149883,86.39344262295083,-1.615925058548001,78.01132674198382,76.91866768500091,-1.0926590569829102,118,147,29,113,113,True,100,100,True
oracle_aabb,confirmation38,data46-12,ocsort,geometry_reid_greedy_guard,path_g,84.90261754124798,84.7785634536658,-0.12405408758218073,89.43774407469247,89.40700220000485,-0.030741874687620907,55,58,3,99,99,True,95,95,True
oracle_aabb,confirmation38,data46-12,deepocsort,geometry_reid_greedy_guard,path_g,98.92401552967277,98.92401552967277,0.0,98.22719157168318,98.22719157168318,0.0,0,0,0,3,3,True,3,3,True
oracle_aabb,confirmation38,data47-1,bytetrack,geometry_reid_greedy_guard,path_g,17.956656346749224,15.479876160990713,-2.4767801857585106,11.648797937768629,11.101964006640982,-0.5468339311276473,39,40,1,13,13,True,12,12,True
oracle_aabb,confirmation38,data47-1,ocsort,geometry_reid_greedy_guard,path_g,16.48745519713262,16.48745519713262,0.0,11.263421316017611,11.276773897307079,0.01335258128946748,7,9,2,14,14,True,13,13,True
oracle_aabb,confirmation38,data47-1,deepocsort,geometry_reid_greedy_guard,path_g,97.52066115702479,96.28099173553719,-1.239669421487605,95.56218562358039,93.56180952831951,-2.000376095260876,4,5,1,4,4,True,3,3,True
oracle_aabb,confirmation38,data47-2,bytetrack,geometry_reid_greedy_guard,path_g,49.49539271610355,46.24835454146555,-3.247038174638,33.84399073580806,32.35118061202725,-1.4928101237808136,138,151,13,69,69,True,63,63,True
oracle_aabb,confirmation38,data47-2,ocsort,geometry_reid_greedy_guard,path_g,35.68025410269984,35.150873478030704,-0.5293806246691375,35.81680760276909,35.66349463555022,-0.15331296721886645,45,48,3,24,24,True,24,24,True
oracle_aabb,confirmation38,data47-2,deepocsort,geometry_reid_greedy_guard,path_g,87.68,87.68,0.0,92.00629279369335,92.00629279369335,0.0,4,4,0,6,6,True,6,6,True
oracle_aabb,confirmation38,data47-3,bytetrack,geometry_reid_greedy_guard,path_g,68.75536480686695,67.8969957081545,-0.8583690987124442,58.09930132093466,57.95625517751121,-0.14304614342344735,218,238,20,103,103,True,90,90,True
oracle_aabb,confirmation38,data47-3,ocsort,geometry_reid_greedy_guard,path_g,63.730445246690735,63.39350180505415,-0.33694344163658485,69.56543658107199,69.368385289385,-0.19705129168698932,63,71,8,47,47,True,43,43,True
oracle_aabb,confirmation38,data47-3,deepocsort,geometry_reid_greedy_guard,path_g,91.24027834629554,91.19934506753991,-0.04093327875563091,96.24820618301734,96.12198786084384,-0.12621832217350004,3,4,1,5,5,True,5,5,True
oracle_aabb,confirmation38,data47-4,bytetrack,geometry_reid_greedy_guard,path_g,51.006711409395976,49.328859060402685,-1.6778523489932908,50.29735033229451,49.32436352413315,-0.972986808161366,31,34,3,20,20,True,18,18,True
oracle_aabb,confirmation38,data47-4,ocsort,geometry_reid_greedy_guard,path_g,41.66666666666667,41.66666666666667,0.0,66.27507784908893,66.27507784908893,0.0,8,8,0,4,4,True,4,4,True
oracle_aabb,confirmation38,data47-4,deepocsort,geometry_reid_greedy_guard,path_g,87.35475051264525,87.35475051264525,0.0,86.3468094923342,86.3468094923342,0.0,5,5,0,7,7,True,7,7,True
oracle_aabb,confirmation38,data48-1,bytetrack,geometry_reid_greedy_guard,path_g,8.797653958944283,8.797653958944283,0.0,8.778426199408813,8.777833229069474,-0.0005929703393388053,53,52,-1,13,13,True,13,13,True
oracle_aabb,confirmation38,data48-1,ocsort,geometry_reid_greedy_guard,path_g,15.668202764976957,15.668202764976957,0.0,16.931396135896097,16.931396135896097,0.0,2,2,0,29,29,True,29,29,True
oracle_aabb,confirmation38,data48-1,deepocsort,geometry_reid_greedy_guard,path_g,99.66386554621849,99.66386554621849,0.0,99.63302015578576,99.63302015578576,0.0,0,0,0,0,0,True,0,0,True
oracle_aabb,confirmation38,data49-2,bytetrack,geometry_reid_greedy_guard,path_g,65.185933030456,60.20528352683829,-4.980649503617705,45.437754081104146,41.74730161779928,-3.690452463304865,310,388,78,122,122,True,102,102,True
oracle_aabb,confirmation38,data49-2,ocsort,geometry_reid_greedy_guard,path_g,51.464605370219694,50.569568755085434,-0.8950366151342593,52.87478029910169,52.4947366732313,-0.3800436258703854,81,89,8,43,43,True,38,38,True
oracle_aabb,confirmation38,data49-2,deepocsort,geometry_reid_greedy_guard,path_g,96.22212107419207,96.22212107419207,0.0,94.73385885428691,94.73385885428691,0.0,6,6,0,2,2,True,2,2,True
official_detector,legacy12,data28-1,bytetrack,geometry_reid_greedy_guard,path_g,33.69516728624535,33.90334572490706,0.2081784386617116,15.939410413763166,16.304901562171587,0.36549114840842023,477,498,21,110,110,True,92,92,True
official_detector,legacy12,data28-1,ocsort,geometry_reid_greedy_guard,path_g,27.321198749770176,27.027027027027028,-0.2941717227431475,15.405364932085707,15.373550393160102,-0.03181453892560526,237,253,16,105,105,True,86,86,True
official_detector,legacy12,data28-1,deepocsort,geometry_reid_greedy_guard,path_g,84.68314862176754,84.68314862176754,0.0,81.47728564877784,81.45639407826081,-0.02089157051702273,9,9,0,2,2,True,2,2,True
official_detector,legacy12,data28-2,bytetrack,geometry_reid_greedy_guard,path_g,80.30751034890598,80.30751034890598,0.0,63.90940980861536,63.90940980861536,0.0,29,29,0,7,7,True,7,7,True
official_detector,legacy12,data28-2,ocsort,geometry_reid_greedy_guard,path_g,63.224984066284264,62.46016571064372,-0.7648183556405428,48.72901214779423,47.13286394200355,-1.5961482057906764,15,21,6,36,36,True,34,34,True
official_detector,legacy12,data28-2,deepocsort,geometry_reid_greedy_guard,path_g,85.54846198491003,85.54846198491003,0.0,84.11463974927838,84.11463974927838,0.0,1,1,0,3,3,True,3,3,True
official_detector,legacy12,data28-3,bytetrack,geometry_reid_greedy_guard,path_g,1.146131805157593,1.146131805157593,0.0,22.807017543859647,22.807017543859647,0.0,0,0,0,0,0,True,0,0,True
official_detector,legacy12,data28-3,ocsort,geometry_reid_greedy_guard,path_g,1.183431952662722,1.183431952662722,0.0,22.697368421052634,22.697368421052634,0.0,3,3,0,0,0,True,0,0,True
official_detector,legacy12,data28-3,deepocsort,geometry_reid_greedy_guard,path_g,1.25,1.25,0.0,25.657894736842103,25.657894736842103,0.0,2,2,0,0,0,True,0,0,True
official_detector,legacy12,data28-4,bytetrack,geometry_reid_greedy_guard,path_g,4.201680672268908,4.201680672268908,0.0,26.879699248120303,26.879699248120303,0.0,2,2,0,0,0,True,0,0,True
official_detector,legacy12,data28-4,ocsort,geometry_reid_greedy_guard,path_g,1.694915254237288,1.694915254237288,0.0,13.123718386876279,13.123718386876279,0.0,2,2,0,0,0,True,0,0,True
official_detector,legacy12,data28-4,deepocsort,geometry_reid_greedy_guard,path_g,4.878048780487805,4.878048780487805,0.0,14.369512872043233,14.369512872043233,0.0,9,9,0,0,0,True,0,0,True
official_detector,legacy12,data28-5,bytetrack,geometry_reid_greedy_guard,path_g,7.253886010362693,7.253886010362693,0.0,11.173032734913745,11.173032734913745,0.0,2,2,0,0,0,True,0,0,True
official_detector,legacy12,data28-5,ocsort,geometry_reid_greedy_guard,path_g,14.705882352941178,13.725490196078432,-0.9803921568627452,21.133105641801777,20.006238565686576,-1.1268670761152002,5,6,1,9,9,True,8,8,True
official_detector,legacy12,data28-5,deepocsort,geometry_reid_greedy_guard,path_g,22.52252252252252,21.62162162162162,-0.9009009009009006,24.321125648348136,23.6125734059664,-0.7085522423817352,6,7,1,8,8,True,7,7,True
official_detector,legacy12,data28-6,bytetrack,geometry_reid_greedy_guard,path_g,2.785515320334262,2.785515320334262,0.0,7.781144354404755,7.781144354404755,0.0,1,1,0,2,2,True,2,2,True
official_detector,legacy12,data28-6,ocsort,geometry_reid_greedy_guard,path_g,4.678362573099415,4.678362573099415,0.0,61.9047619047619,61.9047619047619,0.0,0,0,0,0,0,True,0,0,True
official_detector,legacy12,data28-6,deepocsort,geometry_reid_greedy_guard,path_g,0.0,0.0,0.0,0.0,0.0,0.0,0,0,0,0,0,True,0,0,True
official_detector,legacy12,data30-10,bytetrack,geometry_reid_greedy_guard,path_g,60.1679445052939,59.87586710478276,-0.29207740051113973,69.42442760653265,69.2654516156263,-0.15897599090634174,119,122,3,70,70,True,68,68,True
official_detector,legacy12,data30-10,ocsort,geometry_reid_greedy_guard,path_g,58.41125909133843,58.41125909133843,0.0,78.22548055287412,78.22288260806953,-0.0025979448045916342,55,54,-1,93,93,True,94,94,True
official_detector,legacy12,data30-10,deepocsort,geometry_reid_greedy_guard,path_g,72.3491305830208,72.33208319127174,-0.01704739174905967,80.75559166534563,80.73132679347864,-0.02426487186698978,11,11,0,26,26,True,26,26,True
official_detector,legacy12,data30-2,bytetrack,geometry_reid_greedy_guard,path_g,47.06588623743059,45.68512681975086,-1.3807594176797267,43.6951347293655,42.65458316592362,-1.0405515634418805,294,348,54,123,123,True,102,102,True
official_detector,legacy12,data30-2,ocsort,geometry_reid_greedy_guard,path_g,36.47562018819504,36.16766467065868,-0.30795551753635664,44.90024452646812,44.60527775983867,-0.2949667666294502,76,83,7,91,91,True,88,88,True
official_detector,legacy12,data30-2,deepocsort,geometry_reid_greedy_guard,path_g,74.77052189876737,74.77052189876737,0.0,77.67394311920191,77.69185024558254,0.017907126380634963,16,16,0,25,25,True,24,24,True
official_detector,legacy12,data30-3,bytetrack,geometry_reid_greedy_guard,path_g,32.790406300340074,32.53982459280472,-0.25058170753535336,26.883456476358305,26.98185562837668,0.09839915201837712,252,263,11,193,193,True,177,177,True
official_detector,legacy12,data30-3,ocsort,geometry_reid_greedy_guard,path_g,25.529340592861466,25.489009881024398,-0.04033071183706838,25.446533214152765,25.262221099275166,-0.18431211487759924,152,155,3,130,130,True,128,128,True
official_detector,legacy12,data30-3,deepocsort,geometry_reid_greedy_guard,path_g,73.83534443256453,73.83534443256453,0.0,72.46386051651508,72.48263671593264,0.018776199417558814,18,19,1,15,15,True,14,14,True
official_detector,legacy12,data30-4,bytetrack,geometry_reid_greedy_guard,path_g,38.81769326167838,38.61099627945432,-0.2066969822240594,29.767750748310966,29.706129217776088,-0.06162153053487884,216,216,0,61,61,True,55,55,True
official_detector,legacy12,data30-4,ocsort,geometry_reid_greedy_guard,path_g,32.7714093054619,32.7714093054619,0.0,28.53177265439122,28.5073345306233,-0.02443812376791854,138,137,-1,35,35,True,35,35,True
official_detector,legacy12,data30-4,deepocsort,geometry_reid_greedy_guard,path_g,80.33179723502303,80.51612903225806,0.184331797235032,78.86952935481996,78.84152842148772,-0.028000933332236855,14,15,1,24,24,True,23,23,True
official_detector,legacy12,data30-5,bytetrack,geometry_reid_greedy_guard,path_g,44.47552447552447,44.47552447552447,0.0,66.80518655711649,66.80863643219223,0.0034498750757450125,19,19,0,19,19,True,18,18,True
official_detector,legacy12,data30-5,ocsort,geometry_reid_greedy_guard,path_g,44.69114716766296,44.46342157699972,-0.2277255906632405,75.43809139933816,75.27316010862754,-0.1649312907106264,8,12,4,25,25,True,25,25,True
official_detector,legacy12,data30-5,deepocsort,geometry_reid_greedy_guard,path_g,63.696775781442284,63.696775781442284,0.0,73.30973222240267,73.30973222240267,0.0,3,3,0,2,2,True,2,2,True
official_detector,legacy12,data30-9,bytetrack,geometry_reid_greedy_guard,path_g,43.25315939665715,43.04932735426009,-0.20383204239706032,71.4275284663004,71.27339592892777,-0.15413253737263233,54,52,-2,50,50,True,48,48,True
official_detector,legacy12,data30-9,ocsort,geometry_reid_greedy_guard,path_g,43.58921588804281,43.54805515538177,-0.04116073266104081,73.71993503927948,73.79783798870051,0.0779029494210306,28,28,0,97,97,True,96,96,True
official_detector,legacy12,data30-9,deepocsort,geometry_reid_greedy_guard,path_g,64.77433004231312,64.66854724964739,-0.10578279266573531,74.74544671816803,74.61727406957101,-0.12817264859701538,6,7,1,10,10,True,10,10,True
official_detector,confirmation38,data23-1,bytetrack,geometry_reid_greedy_guard,path_g,72.19917012448133,73.21346242508068,1.014292300599351,63.52817869939839,64.31558036897933,0.7874016695809374,19,19,0,7,7,True,6,6,True
official_detector,confirmation38,data23-1,ocsort,geometry_reid_greedy_guard,path_g,71.44203581526861,71.44203581526861,0.0,67.26647145605271,67.26647145605271,0.0,25,25,0,3,3,True,3,3,True
official_detector,confirmation38,data23-1,deepocsort,geometry_reid_greedy_guard,path_g,78.8020589611605,78.8020589611605,0.0,81.10885122683683,81.10885122683683,0.0,1,1,0,0,0,True,0,0,True
official_detector,confirmation38,data24-1,bytetrack,geometry_reid_greedy_guard,path_g,46.32100648112848,46.0033041047147,-0.3177023764137772,56.945618646646956,56.80777867482105,-0.13783997182590468,317,354,37,235,235,True,213,213,True
official_detector,confirmation38,data24-1,ocsort,geometry_reid_greedy_guard,path_g,42.738758320880315,42.69800298872436,-0.04075533215595328,63.202405858180676,63.20315034856904,0.0007444903883637721,116,119,3,43,43,True,41,41,True
official_detector,confirmation38,data24-1,deepocsort,geometry_reid_greedy_guard,path_g,56.908893088243715,56.76000687167153,-0.14888621657218692,66.81557655070752,66.69394421782498,-0.12163233288254105,107,116,9,75,75,True,66,66,True
official_detector,confirmation38,data27-1,bytetrack,geometry_reid_greedy_guard,path_g,22.058823529411764,19.11764705882353,-2.9411764705882355,27.423566494858083,22.73984345764597,-4.683723037212111,8,10,2,5,5,True,4,4,True
official_detector,confirmation38,data27-1,ocsort,geometry_reid_greedy_guard,path_g,12.903225806451612,12.903225806451612,0.0,18.414697985855533,18.414697985855533,0.0,2,2,0,1,1,True,1,1,True
official_detector,confirmation38,data27-1,deepocsort,geometry_reid_greedy_guard,path_g,43.44827586206896,43.44827586206896,0.0,81.45771700554143,81.45771700554143,0.0,1,1,0,0,0,True,0,0,True
official_detector,confirmation38,data31-1,bytetrack,geometry_reid_greedy_guard,path_g,5.934718100890208,5.341246290801187,-0.5934718100890217,2.9393214920163437,2.5923583609122702,-0.3469631311040735,18,20,2,17,17,True,16,16,True
official_detector,confirmation38,data31-1,ocsort,geometry_reid_greedy_guard,path_g,2.6970954356846475,2.6970954356846475,0.0,1.59842132144989,1.59842132144989,0.0,10,10,0,7,7,True,7,7,True
official_detector,confirmation38,data31-1,deepocsort,geometry_reid_greedy_guard,path_g,51.51301900070373,51.51301900070373,0.0,42.30999864503476,42.30999864503476,0.0,2,2,0,0,0,True,0,0,True
official_detector,confirmation38,data33-1,bytetrack,geometry_reid_greedy_guard,path_g,29.508196721311474,18.14207650273224,-11.366120218579233,15.309706116787435,7.968708054590672,-7.340998062196763,21,58,37,69,69,True,61,61,True
official_detector,confirmation38,data33-1,ocsort,geometry_reid_greedy_guard,path_g,10.242587601078167,10.242587601078167,0.0,7.532466721865817,7.532466721865817,0.0,16,16,0,9,9,True,9,9,True
official_detector,confirmation38,data33-1,deepocsort,geometry_reid_greedy_guard,path_g,76.78122380553228,76.78122380553228,0.0,53.6150650225016,53.6150650225016,0.0,10,10,0,8,8,True,8,8,True
official_detector,confirmation38,data34-1,bytetrack,geometry_reid_greedy_guard,path_g,14.0041822444712,11.659590646980545,-2.3445915974906555,13.364703602143809,10.567613739682784,-2.797089862461025,1893,2003,110,573,573,True,471,471,True
official_detector,confirmation38,data34-1,ocsort,geometry_reid_greedy_guard,path_g,6.281645569620253,5.253164556962026,-1.0284810126582276,37.66687804005226,27.22164734386872,-10.44523069618354,69,103,34,141,141,True,122,122,True
official_detector,confirmation38,data34-1,deepocsort,geometry_reid_greedy_guard,path_g,54.543574899203975,56.073606947172536,1.530032047968561,47.703762255805145,49.51343582853852,1.8096735727333737,144,141,-3,109,109,True,105,105,True
official_detector,confirmation38,data34-2,bytetrack,geometry_reid_greedy_guard,path_g,49.953689410311824,50.07718431614696,0.12349490583513756,78.6650006311989,78.63609493539195,-0.028905695806940912,42,43,1,43,43,True,37,37,True
official_detector,confirmation38,data34-2,ocsort,geometry_reid_greedy_guard,path_g,48.59154929577465,48.59154929577465,0.0,90.88455966683043,90.88455966683043,0.0,0,0,0,11,11,True,11,11,True
official_detector,confirmation38,data34-2,deepocsort,geometry_reid_greedy_guard,path_g,72.18904180732278,72.60451830693326,0.4154764996104774,79.11712310326105,79.25088513703183,0.133762033770779,4,4,0,13,13,True,10,10,True
official_detector,confirmation38,data34-3,bytetrack,geometry_reid_greedy_guard,path_g,9.60320106702234,9.469823274424808,-0.1333777925975319,18.195793826139468,18.091460861354868,-0.10433296478460008,127,138,11,91,91,True,79,79,True
official_detector,confirmation38,data34-3,ocsort,geometry_reid_greedy_guard,path_g,10.871867278503352,10.377691493116838,-0.4941757853865134,23.458400440197078,23.200110336352513,-0.2582901038445655,19,26,7,104,104,True,104,104,True
official_detector,confirmation38,data34-3,deepocsort,geometry_reid_greedy_guard,path_g,46.70126019273536,46.70126019273536,0.0,47.5653115700835,47.426478939801726,-0.13883263028177595,44,46,2,57,57,True,48,48,True
official_detector,confirmation38,data36-10,bytetrack,geometry_reid_greedy_guard,path_g,37.89845128406195,38.039600078415994,0.14114879435404504,63.17162648094524,63.18503815952249,0.01341167857724912,427,452,25,322,322,True,282,282,True
official_detector,confirmation38,data36-10,ocsort,geometry_reid_greedy_guard,path_g,39.65629581365043,39.62371721778791,-0.032578595862517545,82.38120212443813,82.41805042760816,0.03684830317003218,45,47,2,150,150,True,145,145,True
official_detector,confirmation38,data36-10,deepocsort,geometry_reid_greedy_guard,path_g,66.24415649609388,66.28180591723402,0.03764942114014502,69.30623381619625,69.12863161736541,-0.17760219883084005,120,123,3,155,155,True,143,143,True
official_detector,confirmation38,data36-11,bytetrack,geometry_reid_greedy_guard,path_g,40.68777664283282,40.994211780728634,0.3064351378958108,71.72958252630299,72.0994617600062,0.36987923370321596,79,84,5,53,53,True,47,47,True
official_detector,confirmation38,data36-11,ocsort,geometry_reid_greedy_guard,path_g,42.70529744556832,42.68815360877765,-0.017143836790673106,80.60285950496629,80.58538973662812,-0.017469768338173708,36,31,-5,162,162,True,161,161,True
official_detector,confirmation38,data36-11,deepocsort,geometry_reid_greedy_guard,path_g,60.52763999712458,60.58514844367766,0.057508446553079295,74.22427132558987,74.26386252684219,0.039591201252321184,40,40,0,48,48,True,43,43,True
official_detector,confirmation38,data36-12,bytetrack,geometry_reid_greedy_guard,path_g,52.80373831775701,52.80373831775701,0.0,54.3573671929291,54.111613708635495,-0.24575348429360133,38,38,0,29,29,True,29,29,True
official_detector,confirmation38,data36-12,ocsort,geometry_reid_greedy_guard,path_g,53.868103994927075,53.868103994927075,0.0,62.490633835909485,62.43725199734339,-0.05338183856609646,37,36,-1,25,25,True,25,25,True
official_detector,confirmation38,data36-12,deepocsort,geometry_reid_greedy_guard,path_g,66.7795566502463,66.7795566502463,0.0,79.46617430256372,79.46617430256372,0.0,4,4,0,1,1,True,1,1,True
official_detector,confirmation38,data36-13,bytetrack,geometry_reid_greedy_guard,path_g,72.28992944194997,71.8409236690186,-0.4490057729313719,66.5205633740383,66.41566183654693,-0.10490153749137221,23,24,1,18,18,True,17,17,True
official_detector,confirmation38,data36-13,ocsort,geometry_reid_greedy_guard,path_g,70.10107597000325,70.10107597000325,0.0,76.97435237175462,76.97814684382422,0.003794472069600374,17,17,0,17,17,True,17,17,True
official_detector,confirmation38,data36-13,deepocsort,geometry_reid_greedy_guard,path_g,80.36616161616162,80.36616161616162,0.0,84.31844551760021,84.31844551760021,0.0,5,5,0,5,5,True,5,5,True
official_detector,confirmation38,data36-4,bytetrack,geometry_reid_greedy_guard,path_g,48.70599900842836,47.5359444719881,-1.1700545364402544,49.4163438312996,48.87979039530105,-0.5365534359985489,481,534,53,502,502,True,462,462,True
official_detector,confirmation38,data36-4,ocsort,geometry_reid_greedy_guard,path_g,40.482342807924205,40.36391042204996,-0.1184323858742431,48.18088471637241,48.14117615069293,-0.03970856567948289,185,194,9,207,207,True,196,196,True
official_detector,confirmation38,data36-4,deepocsort,geometry_reid_greedy_guard,path_g,76.04727968016687,76.22110203372154,0.17382235355466946,72.59133970076824,72.68467297651341,0.09333327574516659,41,42,1,50,50,True,47,47,True
official_detector,confirmation38,data36-5,bytetrack,geometry_reid_greedy_guard,path_g,66.9557279780922,66.33196409554238,-0.6237638825498237,67.90694774431655,67.78462601253484,-0.12232173178171024,236,276,40,205,205,True,174,174,True
official_detector,confirmation38,data36-5,ocsort,geometry_reid_greedy_guard,path_g,64.93465346534654,64.90297029702971,-0.03168316831683171,74.64004336417788,74.63816660812275,-0.0018767560551395945,100,104,4,109,109,True,108,108,True
official_detector,confirmation38,data36-5,deepocsort,geometry_reid_greedy_guard,path_g,84.26066547010907,84.26066547010907,0.0,81.57426858577811,81.5491673779749,-0.025101207803217562,11,11,0,6,6,True,6,6,True
official_detector,confirmation38,data37-1,bytetrack,geometry_reid_greedy_guard,path_g,55.25429437521051,54.260693836308526,-0.9936005389019869,50.75247693462889,50.0747978246445,-0.6776791099843891,430,494,64,341,341,True,294,294,True
official_detector,confirmation38,data37-1,ocsort,geometry_reid_greedy_guard,path_g,55.91349805638711,55.672221973995796,-0.24127608239131604,60.56729420291562,60.39626070297598,-0.17103349993963946,209,225,16,190,190,True,175,175,True
official_detector,confirmation38,data37-1,deepocsort,geometry_reid_greedy_guard,path_g,76.65505226480836,76.59898273859585,-0.05606952621251082,77.94767390633262,77.88296464726989,-0.06470925906273806,34,36,2,34,34,True,33,33,True
official_detector,confirmation38,data37-10,bytetrack,geometry_reid_greedy_guard,path_g,70.53265619463801,70.08385496633991,-0.44880122829809466,53.9586777553145,54.470991608214845,0.5123138529003484,84,110,26,72,72,True,62,62,True
official_detector,confirmation38,data37-10,ocsort,geometry_reid_greedy_guard,path_g,67.58961681087763,67.58961681087763,0.0,62.67676698178876,62.67514093299747,-0.00162604879128736,63,63,0,22,22,True,22,22,True
official_detector,confirmation38,data37-10,deepocsort,geometry_reid_greedy_guard,path_g,87.21424468696152,87.21424468696152,0.0,79.7469449675406,79.7469449675406,0.0,12,12,0,14,14,True,14,14,True
official_detector,confirmation38,data37-11,bytetrack,geometry_reid_greedy_guard,path_g,75.85715739139282,75.01271746871502,-0.8444399226777932,64.85637343581381,64.73436621344139,-0.12200722237241735,221,295,74,181,181,True,158,158,True
official_detector,confirmation38,data37-11,ocsort,geometry_reid_greedy_guard,path_g,72.58480034349506,72.63847144697296,0.053671103477896054,70.6811694085628,70.89173405035127,0.2105646417884799,112,114,2,54,54,True,49,49,True
official_detector,confirmation38,data37-11,deepocsort,geometry_reid_greedy_guard,path_g,89.51640674964332,89.51640674964332,0.0,84.48878743801046,84.49228401563815,0.0034965776276862925,26,26,0,24,24,True,23,23,True
official_detector,confirmation38,data37-12,bytetrack,geometry_reid_greedy_guard,path_g,79.29717341482048,79.29717341482048,0.0,77.5121350289084,77.5121350289084,0.0,7,7,0,11,11,True,11,11,True
official_detector,confirmation38,data37-12,ocsort,geometry_reid_greedy_guard,path_g,87.03942282916775,87.03942282916775,0.0,88.48991232252229,88.48991232252229,0.0,3,3,0,11,11,True,11,11,True
official_detector,confirmation38,data37-12,deepocsort,geometry_reid_greedy_guard,path_g,90.62811565304088,90.62811565304088,0.0,87.54015959693739,87.54015959693739,0.0,1,1,0,2,2,True,2,2,True
official_detector,confirmation38,data37-2,bytetrack,geometry_reid_greedy_guard,path_g,45.143095884687696,44.16127010653854,-0.9818257781491582,40.31466076221084,39.67082718787115,-0.6438335743396948,597,607,10,170,170,True,145,145,True
official_detector,confirmation38,data37-2,ocsort,geometry_reid_greedy_guard,path_g,48.16155013423602,47.5545698610949,-0.6069802731411258,55.47601313463194,55.11053728032982,-0.3654758543021188,220,240,20,151,151,True,138,138,True
official_detector,confirmation38,data37-2,deepocsort,geometry_reid_greedy_guard,path_g,75.98850460806659,76.50381528094341,0.5153106728768222,69.32707586576754,70.05776564403283,0.7306897782652868,38,38,0,23,23,True,23,23,True
official_detector,confirmation38,data39-1,bytetrack,geometry_reid_greedy_guard,path_g,48.24462061155153,48.47112117780294,0.2265005662514099,71.52378222567789,71.41706898213744,-0.10671324354045453,8,9,1,16,16,True,13,13,True
official_detector,confirmation38,data39-1,ocsort,geometry_reid_greedy_guard,path_g,45.401629802095464,45.16880093131548,-0.23282887077998282,79.65632428082358,79.70057716819392,0.04425288737033384,3,3,0,7,7,True,7,7,True
official_detector,confirmation38,data39-1,deepocsort,geometry_reid_greedy_guard,path_g,57.8494623655914,57.8494623655914,0.0,71.72083920032655,72.30144900612038,0.5806098057938271,1,1,0,5,5,True,5,5,True
official_detector,confirmation38,data39-2,bytetrack,geometry_reid_greedy_guard,path_g,10.922787193973635,12.052730696798493,1.1299435028248581,6.065140678534583,7.267199133741653,1.2020584552070703,24,26,2,21,21,True,19,19,True
official_detector,confirmation38,data39-2,ocsort,geometry_reid_greedy_guard,path_g,18.11175337186898,18.11175337186898,0.0,13.508807840598951,13.508807840598951,0.0,9,9,0,10,10,True,10,10,True
official_detector,confirmation38,data39-2,deepocsort,geometry_reid_greedy_guard,path_g,91.92263936291239,91.92263936291239,0.0,66.84650547276803,66.84650547276803,0.0,1,1,0,0,0,True,0,0,True
official_detector,confirmation38,data39-3,bytetrack,geometry_reid_greedy_guard,path_g,8.635097493036211,7.938718662952645,-0.6963788300835656,7.535706705910071,7.210099965323767,-0.3256067405863039,47,48,1,43,43,True,40,40,True
official_detector,confirmation38,data39-3,ocsort,geometry_reid_greedy_guard,path_g,4.094010614101592,4.094010614101592,0.0,3.5014484385227953,3.5268687503620826,0.02542031183928728,7,6,-1,22,22,True,23,23,True
official_detector,confirmation38,data39-3,deepocsort,geometry_reid_greedy_guard,path_g,49.823855057876195,49.823855057876195,0.0,43.65911198663463,43.789920092190485,0.13080810555585742,16,16,0,12,12,True,11,11,True
official_detector,confirmation38,data39-6,bytetrack,geometry_reid_greedy_guard,path_g,46.777742848160955,45.6460232631248,-1.1317195850361514,49.72658264510305,49.08534748386996,-0.6412351612330909,83,94,11,55,55,True,50,50,True
official_detector,confirmation38,data39-6,ocsort,geometry_reid_greedy_guard,path_g,47.58117958913188,47.249834327369115,-0.33134526176276324,60.25970935823533,60.00851046662925,-0.2511988916060801,34,35,1,30,30,True,29,29,True
official_detector,confirmation38,data39-6,deepocsort,geometry_reid_greedy_guard,path_g,73.13807531380753,73.13807531380753,0.0,78.21269547845381,78.21269547845381,0.0,5,5,0,5,5,True,5,5,True
official_detector,confirmation38,data40-3,bytetrack,geometry_reid_greedy_guard,path_g,37.6878612716763,37.45664739884393,-0.23121387283237027,56.53429903376674,56.035633431343044,-0.4986656024236993,10,12,2,6,6,True,5,5,True
official_detector,confirmation38,data40-3,ocsort,geometry_reid_greedy_guard,path_g,37.33650416171225,37.33650416171225,0.0,57.836340850540026,57.836340850540026,0.0,4,4,0,23,23,True,23,23,True
official_detector,confirmation38,data40-3,deepocsort,geometry_reid_greedy_guard,path_g,45.73991031390135,45.2914798206278,-0.44843049327354834,56.77199921866618,56.63805992618446,-0.13393929248172043,9,10,1,15,15,True,15,15,True
official_detector,confirmation38,data40-4,bytetrack,geometry_reid_greedy_guard,path_g,3.9215686274509802,3.9215686274509802,0.0,23.272140366293534,23.035903603457832,-0.23623676283570205,17,16,-1,12,12,True,11,11,True
official_detector,confirmation38,data40-4,ocsort,geometry_reid_greedy_guard,path_g,6.202618883528601,6.202618883528601,0.0,25.056596004581273,25.078453240489495,0.02185723590822164,26,22,-4,63,63,True,64,64,True
official_detector,confirmation38,data40-4,deepocsort,geometry_reid_greedy_guard,path_g,28.519746759119684,28.640337654507086,0.12059089538740153,40.80027397384398,40.90734016336112,0.1070661895171412,6,6,0,10,10,True,10,10,True
official_detector,confirmation38,data40-5,bytetrack,geometry_reid_greedy_guard,path_g,66.914749661705,66.84709066305818,-0.06765899864682012,65.41060175055226,65.40555244657537,-0.005049303976889519,55,57,2,60,60,True,59,59,True
official_detector,confirmation38,data40-5,ocsort,geometry_reid_greedy_guard,path_g,64.20056100981768,64.34081346423562,0.1402524544179471,67.32815272273038,67.60276468473423,0.27461196200384563,39,38,-1,23,23,True,23,23,True
official_detector,confirmation38,data40-5,deepocsort,geometry_reid_greedy_guard,path_g,78.67165575304023,78.67165575304023,0.0,79.16622605610986,79.16622605610986,0.0,19,19,0,17,17,True,17,17,True
official_detector,confirmation38,data41-1,bytetrack,geometry_reid_greedy_guard,path_g,37.69230769230769,37.69230769230769,0.0,37.952420039150056,37.952420039150056,0.0,22,22,0,2,2,True,2,2,True
official_detector,confirmation38,data41-1,ocsort,geometry_reid_greedy_guard,path_g,36.666666666666664,37.916666666666664,1.25,47.057529173116635,49.34058497727232,2.283055804155687,5,5,0,14,14,True,12,12,True
official_detector,confirmation38,data41-1,deepocsort,geometry_reid_greedy_guard,path_g,45.342706502636204,45.342706502636204,0.0,74.24000845477113,74.24000845477113,0.0,1,1,0,8,8,True,8,8,True
official_detector,confirmation38,data42-1,bytetrack,geometry_reid_greedy_guard,path_g,59.31070405417137,59.22389096275719,-0.0868130914141787,53.55169687835997,53.66861587374431,0.11691899538433859,203,207,4,78,78,True,72,72,True
official_detector,confirmation38,data42-1,ocsort,geometry_reid_greedy_guard,path_g,56.903225806451616,56.94009216589861,0.036866359446996455,57.09594904674171,57.169091568762056,0.07314252202034766,122,122,0,55,55,True,54,54,True
official_detector,confirmation38,data42-1,deepocsort,geometry_reid_greedy_guard,path_g,62.37936321818346,62.32524578334987,-0.054117434833585776,61.77265572693745,61.73095373601571,-0.041701990921744425,93,95,2,42,42,True,40,40,True
official_detector,confirmation38,data42-2,bytetrack,geometry_reid_greedy_guard,path_g,51.39442231075697,51.460823373173966,0.06640106241699328,59.71304280875721,59.72944964022177,0.016406831464564675,44,45,1,29,29,True,29,29,True
official_detector,confirmation38,data42-2,ocsort,geometry_reid_greedy_guard,path_g,49.28246412320616,49.352467623381166,0.07000350017500523,70.76657123671907,70.87032470124602,0.103753464526946,18,17,-1,32,32,True,32,32,True
official_detector,confirmation38,data42-2,deepocsort,geometry_reid_greedy_guard,path_g,70.85383502170767,70.85383502170767,0.0,70.88925396787182,70.8985376245601,0.009283656688282349,27,27,0,13,13,True,13,13,True
official_detector,confirmation38,data42-3,bytetrack,geometry_reid_greedy_guard,path_g,75.31172069825436,74.72984206151288,-0.5818786367414788,62.78465721899044,62.41603214506052,-0.3686250739299197,54,57,3,11,11,True,9,9,True
official_detector,confirmation38,data42-3,ocsort,geometry_reid_greedy_guard,path_g,72.54150702426566,72.37122179650916,-0.17028522775649435,64.7429151080297,64.84979795715749,0.10688284912778556,35,37,2,28,28,True,24,24,True
official_detector,confirmation38,data42-3,deepocsort,geometry_reid_greedy_guard,path_g,86.73084972791963,86.73084972791963,0.0,89.7689211514475,89.7689211514475,0.0,3,3,0,6,6,True,6,6,True
official_detector,confirmation38,data46-11,bytetrack,geometry_reid_greedy_guard,path_g,43.504932438033656,42.543314266766146,-0.96161817126751,43.93422941559288,42.98776972483698,-0.9464596907559013,237,252,15,168,168,True,150,150,True
official_detector,confirmation38,data46-11,ocsort,geometry_reid_greedy_guard,path_g,42.56656481885639,42.32213007420341,-0.24443474465298465,49.47739519226319,49.517333276933655,0.03993808467046733,116,117,1,134,134,True,130,130,True
official_detector,confirmation38,data46-11,deepocsort,geometry_reid_greedy_guard,path_g,57.42904841402338,57.42904841402338,0.0,75.62643869783868,75.62643869783868,0.0,5,5,0,6,6,True,6,6,True
official_detector,confirmation38,data46-12,bytetrack,geometry_reid_greedy_guard,path_g,62.98439859084046,61.55007549068948,-1.4343231001509835,76.69052267942685,75.97651572917762,-0.7140069502492281,67,75,8,97,97,True,90,90,True
official_detector,confirmation38,data46-12,ocsort,geometry_reid_greedy_guard,path_g,62.164975279729376,61.69659120478792,-0.4683840749414543,84.50221033588544,84.28532108328687,-0.21688925259856262,24,30,6,77,77,True,74,74,True
official_detector,confirmation38,data46-12,deepocsort,geometry_reid_greedy_guard,path_g,67.7431563012489,67.7431563012489,0.0,85.48806787957372,85.45719127781935,-0.03087660175437179,2,2,0,5,5,True,5,5,True
official_detector,confirmation38,data47-1,bytetrack,geometry_reid_greedy_guard,path_g,14.556962025316455,14.556962025316455,0.0,13.563034044791108,13.641509074086432,0.07847502929532446,24,23,-1,9,9,True,10,10,True
official_detector,confirmation38,data47-1,ocsort,geometry_reid_greedy_guard,path_g,17.73049645390071,16.312056737588655,-1.4184397163120543,15.315288640382304,14.78804929146926,-0.527239348913044,2,6,4,12,12,True,12,12,True
official_detector,confirmation38,data47-1,deepocsort,geometry_reid_greedy_guard,path_g,87.93456032719837,87.93456032719837,0.0,79.60922704393836,79.60922704393836,0.0,3,3,0,3,3,True,3,3,True
official_detector,confirmation38,data47-2,bytetrack,geometry_reid_greedy_guard,path_g,37.6905311778291,36.39722863741339,-1.2933025404157092,34.05906287498751,33.634703764178845,-0.4243591108086662,47,61,14,42,42,True,38,38,True
official_detector,confirmation38,data47-2,ocsort,geometry_reid_greedy_guard,path_g,26.673695308381657,26.884554559831315,0.21085925144965856,39.05902016257466,39.060463315181515,0.0014431526068534595,28,29,1,26,26,True,24,24,True
official_detector,confirmation38,data47-2,deepocsort,geometry_reid_greedy_guard,path_g,66.02105263157895,66.02105263157895,0.0,78.86170010602498,78.86170010602498,0.0,0,0,0,3,3,True,3,3,True
official_detector,confirmation38,data47-3,bytetrack,geometry_reid_greedy_guard,path_g,55.757575757575765,55.66433566433566,-0.09324009324010518,54.93726507972173,55.00634022282331,0.06907514310157836,74,86,12,79,79,True,73,73,True
official_detector,confirmation38,data47-3,ocsort,geometry_reid_greedy_guard,path_g,50.124812780828755,49.77533699450824,-0.349475786320518,61.16174333794143,61.09878148702019,-0.06296185092124063,36,45,9,27,27,True,24,24,True
official_detector,confirmation38,data47-3,deepocsort,geometry_reid_greedy_guard,path_g,65.21533364884051,65.21533364884051,0.0,78.41835514181801,78.41835514181801,0.0,1,1,0,5,5,True,5,5,True
official_detector,confirmation38,data47-4,bytetrack,geometry_reid_greedy_guard,path_g,44.06224406224406,44.22604422604422,0.16380016380016116,51.00689498518038,50.695326847694275,-0.31156813748610546,20,21,1,20,20,True,18,18,True
official_detector,confirmation38,data47-4,ocsort,geometry_reid_greedy_guard,path_g,39.89266547406082,39.89266547406082,0.0,57.15999021109497,57.15999021109497,0.0,11,11,0,7,7,True,7,7,True
official_detector,confirmation38,data47-4,deepocsort,geometry_reid_greedy_guard,path_g,73.59307359307358,73.59307359307358,0.0,72.9156369316078,72.9156369316078,0.0,1,1,0,4,4,True,4,4,True
official_detector,confirmation38,data48-1,bytetrack,geometry_reid_greedy_guard,path_g,6.896551724137931,6.896551724137931,0.0,15.581236518779882,15.581236518779882,0.0,18,18,0,2,2,True,2,2,True
official_detector,confirmation38,data48-1,ocsort,geometry_reid_greedy_guard,path_g,11.949685534591195,11.949685534591195,0.0,17.508263796227794,17.508263796227794,0.0,0,0,0,21,21,True,21,21,True
official_detector,confirmation38,data48-1,deepocsort,geometry_reid_greedy_guard,path_g,67.3289183222958,67.3289183222958,0.0,57.070056942400136,57.070056942400136,0.0,2,2,0,1,1,True,1,1,True
official_detector,confirmation38,data49-2,bytetrack,geometry_reid_greedy_guard,path_g,51.96671709531013,51.96671709531013,0.0,47.34452127469833,47.37485263698763,0.030331362289302888,124,124,0,41,41,True,39,39,True
official_detector,confirmation38,data49-2,ocsort,geometry_reid_greedy_guard,path_g,45.71078431372549,45.46568627450981,-0.24509803921568363,52.35532673933051,51.833200424881774,-0.5221263144487338,63,64,1,22,22,True,21,21,True
official_detector,confirmation38,data49-2,deepocsort,geometry_reid_greedy_guard,path_g,67.30804138682156,67.30804138682156,0.0,85.96567714780106,85.96567714780106,0.0,7,7,0,5,5,True,5,5,True
