method,model,base_model,ablation,proposed_module,model_patches,is_proposed,implementation_status,detector_family,architecture_group,model_version,yolo_version,is_yolo,model_scale,name_size_tag,param_size_group,size_group,dataset,protocol_data_yaml,protocol_imgsz,protocol_epochs,protocol_batch,protocol_deterministic,protocol_match,protocol_mismatch_reason,seed,status,run_dir,results_csv,best_weight,best_epoch,best_AP,best_AP50,best_AP75,best_APsmall,best_precision,best_recall,best_F1,final_epoch,final_AP,final_AP50,final_AP75,final_APsmall,final_precision,final_recall,final_F1,ROC-AUC,latency_ms,FPS,Params,GFLOPs
YOLOv10s,yolov10s.pt,yolov10s.pt,,,,false,implemented,YOLO,yolo,v10,v10,true,small,small,small,small,VisDrone2019-DET,/home/oem/projects/multi-uav-marine-city/configs/detector/visdrone_yolo_data.yaml,1280,100,8,True,,,123,completed,/home/oem/projects/multi-uav-marine-city/outputs/detectors/server_fresh_baselines/fresh_20260519_131739/20260519_131805_yolov10s_visdrone_fresh_fresh_20260519_131739_seed123,/home/oem/projects/multi-uav-marine-city/outputs/detectors/server_fresh_baselines/fresh_20260519_131739/20260519_131805_yolov10s_visdrone_fresh_fresh_20260519_131739_seed123/ultralytics/results.csv,/home/oem/projects/multi-uav-marine-city/outputs/detectors/server_fresh_baselines/fresh_20260519_131739/20260519_131805_yolov10s_visdrone_fresh_fresh_20260519_131739_seed123/ultralytics/weights/best.pt,44.0,0.3241,0.52541,,,0.62637,0.51252,0.5637544493322445,100.0,0.30948,0.50773,,,0.61696,0.51202,0.5596128526634663,0.8927203645654908,,,8074092,24.8
YOLOv10s,yolov10s.pt,yolov10s.pt,,,,false,implemented,YOLO,yolo,v10,v10,true,small,small,small,small,VisDrone2019-DET,/home/oem/projects/multi-uav-marine-city/configs/detector/visdrone_yolo_data.yaml,1280,100,8,True,,,42,completed,/home/oem/projects/multi-uav-marine-city/outputs/detectors/server_fresh_baselines/fresh_20260519_131739/20260519_131805_yolov10s_visdrone_fresh_fresh_20260519_131739_seed42,/home/oem/projects/multi-uav-marine-city/outputs/detectors/server_fresh_baselines/fresh_20260519_131739/20260519_131805_yolov10s_visdrone_fresh_fresh_20260519_131739_seed42/ultralytics/results.csv,/home/oem/projects/multi-uav-marine-city/outputs/detectors/server_fresh_baselines/fresh_20260519_131739/20260519_131805_yolov10s_visdrone_fresh_fresh_20260519_131739_seed42/ultralytics/weights/best.pt,41.0,0.32705,0.52734,,,0.62249,0.51229,0.5620391654770087,100.0,0.30636,0.50087,,,0.61471,0.50007,0.5514954155976964,0.896288196328568,,,8074092,24.8
YOLOv10n,yolov10n.pt,yolov10n.pt,,,,false,implemented,YOLO,yolo,v10,v10,true,nano,nano,nano,nano,VisDrone2019-DET,/home/oem/projects/multi-uav-marine-city/configs/detector/visdrone_yolo_data.yaml,1280,100,8,True,,,42,completed,/home/oem/projects/multi-uav-marine-city/outputs/detectors/server_fresh_baselines/fresh_20260519_131739/20260519_164707_yolov10n_visdrone_fresh_fresh_20260519_131739_seed42,/home/oem/projects/multi-uav-marine-city/outputs/detectors/server_fresh_baselines/fresh_20260519_131739/20260519_164707_yolov10n_visdrone_fresh_fresh_20260519_131739_seed42/ultralytics/results.csv,/home/oem/projects/multi-uav-marine-city/outputs/detectors/server_fresh_baselines/fresh_20260519_131739/20260519_164707_yolov10n_visdrone_fresh_fresh_20260519_131739_seed42/ultralytics/weights/best.pt,80.0,0.28555,0.46875,,,0.56563,0.47401,0.5157829177407564,100.0,0.28066,0.46509,,,0.57038,0.46829,0.5143178299171055,0.8810995247196056,,,2710940,8.4
YOLOv10s,yolov10s.pt,yolov10s.pt,,,,false,implemented,YOLO,yolo,v10,v10,true,small,small,small,small,VisDrone2019-DET,/home/oem/projects/multi-uav-marine-city/configs/detector/visdrone_yolo_data.yaml,1280,100,8,True,,,2026,completed,/home/oem/projects/multi-uav-marine-city/outputs/detectors/server_fresh_baselines/fresh_20260519_131739/20260519_164721_yolov10s_visdrone_fresh_fresh_20260519_131739_seed2026,/home/oem/projects/multi-uav-marine-city/outputs/detectors/server_fresh_baselines/fresh_20260519_131739/20260519_164721_yolov10s_visdrone_fresh_fresh_20260519_131739_seed2026/ultralytics/results.csv,/home/oem/projects/multi-uav-marine-city/outputs/detectors/server_fresh_baselines/fresh_20260519_131739/20260519_164721_yolov10s_visdrone_fresh_fresh_20260519_131739_seed2026/ultralytics/weights/best.pt,63.0,0.3232,0.52526,,,0.62274,0.51676,0.5648216277314612,100.0,0.31028,0.50897,,,0.62505,0.50711,0.5599369444248163,0.8969758980835915,,,8074092,24.8
YOLOv10n,yolov10n.pt,yolov10n.pt,,,,false,implemented,YOLO,yolo,v10,v10,true,nano,nano,nano,nano,VisDrone2019-DET,/home/oem/projects/multi-uav-marine-city/configs/detector/visdrone_yolo_data.yaml,1280,100,8,True,,,2026,completed,/home/oem/projects/multi-uav-marine-city/outputs/detectors/server_fresh_baselines/fresh_20260519_131739/20260519_194055_yolov10n_visdrone_fresh_fresh_20260519_131739_seed2026,/home/oem/projects/multi-uav-marine-city/outputs/detectors/server_fresh_baselines/fresh_20260519_131739/20260519_194055_yolov10n_visdrone_fresh_fresh_20260519_131739_seed2026/ultralytics/results.csv,/home/oem/projects/multi-uav-marine-city/outputs/detectors/server_fresh_baselines/fresh_20260519_131739/20260519_194055_yolov10n_visdrone_fresh_fresh_20260519_131739_seed2026/ultralytics/weights/best.pt,77.0,0.28252,0.46458,,,0.56211,0.46807,0.510797778446485,100.0,0.27909,0.46019,,,0.566,0.4596,0.5072808112324493,0.8844903107808582,,,2710940,8.4
YOLOv10n,yolov10n.pt,yolov10n.pt,,,,false,implemented,YOLO,yolo,v10,v10,true,nano,nano,nano,nano,VisDrone2019-DET,/home/oem/projects/multi-uav-marine-city/configs/detector/visdrone_yolo_data.yaml,1280,100,8,True,,,123,completed,/home/oem/projects/multi-uav-marine-city/outputs/detectors/server_fresh_baselines/fresh_20260519_131739/20260519_201924_yolov10n_visdrone_fresh_fresh_20260519_131739_seed123,/home/oem/projects/multi-uav-marine-city/outputs/detectors/server_fresh_baselines/fresh_20260519_131739/20260519_201924_yolov10n_visdrone_fresh_fresh_20260519_131739_seed123/ultralytics/results.csv,/home/oem/projects/multi-uav-marine-city/outputs/detectors/server_fresh_baselines/fresh_20260519_131739/20260519_201924_yolov10n_visdrone_fresh_fresh_20260519_131739_seed123/ultralytics/weights/best.pt,75.0,0.28341,0.46646,,,0.57222,0.46709,0.5143378583868143,100.0,0.27901,0.46014,,,0.57546,0.46044,0.5115644413553431,0.8847521190209392,,,2710940,8.4
YOLOv9s,yolov9s.pt,yolov9s.pt,,,,false,implemented,YOLO,yolo,v9,v9,true,small,small,small,small,VisDrone2019-DET,/home/oem/projects/multi-uav-marine-city/configs/detector/visdrone_yolo_data.yaml,1280,100,8,True,,,123,completed,/home/oem/projects/multi-uav-marine-city/outputs/detectors/server_fresh_baselines/fresh_20260519_131739/20260519_224020_yolov9s_visdrone_fresh_fresh_20260519_131739_seed123,/home/oem/projects/multi-uav-marine-city/outputs/detectors/server_fresh_baselines/fresh_20260519_131739/20260519_224020_yolov9s_visdrone_fresh_fresh_20260519_131739_seed123/ultralytics/results.csv,/home/oem/projects/multi-uav-marine-city/outputs/detectors/server_fresh_baselines/fresh_20260519_131739/20260519_224020_yolov9s_visdrone_fresh_fresh_20260519_131739_seed123/ultralytics/weights/best.pt,86.0,0.34366,0.55407,,,0.6376,0.54743,0.5890844417440909,100.0,0.33906,0.54845,,,0.63278,0.54017,0.5828189992753314,0.888693306390517,,,7291278,27.4
YOLOv9s,yolov9s.pt,yolov9s.pt,,,,false,implemented,YOLO,yolo,v9,v9,true,small,small,small,small,VisDrone2019-DET,/home/oem/projects/multi-uav-marine-city/configs/detector/visdrone_yolo_data.yaml,1280,100,8,True,,,42,completed,/home/oem/projects/multi-uav-marine-city/outputs/detectors/server_fresh_baselines/fresh_20260519_131739/20260519_231530_yolov9s_visdrone_fresh_fresh_20260519_131739_seed42,/home/oem/projects/multi-uav-marine-city/outputs/detectors/server_fresh_baselines/fresh_20260519_131739/20260519_231530_yolov9s_visdrone_fresh_fresh_20260519_131739_seed42/ultralytics/results.csv,/home/oem/projects/multi-uav-marine-city/outputs/detectors/server_fresh_baselines/fresh_20260519_131739/20260519_231530_yolov9s_visdrone_fresh_fresh_20260519_131739_seed42/ultralytics/weights/best.pt,67.0,0.34314,0.55432,,,0.62694,0.54673,0.5840941767277004,100.0,0.33436,0.54422,,,0.62961,0.53852,0.5805134312105673,0.8870378649497651,,,7291278,27.4
YOLOv5su,yolov5su.pt,yolov5su.pt,,,,false,implemented,YOLO,yolo,v5,v5,true,small,small,small,small,VisDrone2019-DET,/home/oem/projects/multi-uav-marine-city/configs/detector/visdrone_yolo_data.yaml,1280,100,8,True,,,42,completed,/home/oem/projects/multi-uav-marine-city/outputs/detectors/server_fresh_baselines/fresh_20260519_131739/20260520_023727_yolov5su_visdrone_fresh_fresh_20260519_131739_seed42,/home/oem/projects/multi-uav-marine-city/outputs/detectors/server_fresh_baselines/fresh_20260519_131739/20260520_023727_yolov5su_visdrone_fresh_fresh_20260519_131739_seed42/ultralytics/results.csv,/home/oem/projects/multi-uav-marine-city/outputs/detectors/server_fresh_baselines/fresh_20260519_131739/20260520_023727_yolov5su_visdrone_fresh_fresh_20260519_131739_seed42/ultralytics/weights/best.pt,60.0,0.32534,0.52851,,,0.62289,0.52101,0.5674130936270654,100.0,0.31898,0.52183,,,0.62544,0.51601,0.5654795118489641,0.8818966160051976,,,9126062,24.1
YOLOv9s,yolov9s.pt,yolov9s.pt,,,,false,implemented,YOLO,yolo,v9,v9,true,small,small,small,small,VisDrone2019-DET,/home/oem/projects/multi-uav-marine-city/configs/detector/visdrone_yolo_data.yaml,1280,100,8,True,,,2026,completed,/home/oem/projects/multi-uav-marine-city/outputs/detectors/server_fresh_baselines/fresh_20260519_131739/20260520_031305_yolov9s_visdrone_fresh_fresh_20260519_131739_seed2026,/home/oem/projects/multi-uav-marine-city/outputs/detectors/server_fresh_baselines/fresh_20260519_131739/20260520_031305_yolov9s_visdrone_fresh_fresh_20260519_131739_seed2026/ultralytics/results.csv,/home/oem/projects/multi-uav-marine-city/outputs/detectors/server_fresh_baselines/fresh_20260519_131739/20260520_031305_yolov9s_visdrone_fresh_fresh_20260519_131739_seed2026/ultralytics/weights/best.pt,70.0,0.34324,0.55491,,,0.64418,0.54025,0.5876552350075565,100.0,0.33672,0.54684,,,0.63261,0.53718,0.5810024701869567,0.889162880051612,,,7291278,27.4
YOLOv5su,yolov5su.pt,yolov5su.pt,,,,false,implemented,YOLO,yolo,v5,v5,true,small,small,small,small,VisDrone2019-DET,/home/oem/projects/multi-uav-marine-city/configs/detector/visdrone_yolo_data.yaml,1280,100,8,True,,,2026,completed,/home/oem/projects/multi-uav-marine-city/outputs/detectors/server_fresh_baselines/fresh_20260519_131739/20260520_050745_yolov5su_visdrone_fresh_fresh_20260519_131739_seed2026,/home/oem/projects/multi-uav-marine-city/outputs/detectors/server_fresh_baselines/fresh_20260519_131739/20260520_050745_yolov5su_visdrone_fresh_fresh_20260519_131739_seed2026/ultralytics/results.csv,/home/oem/projects/multi-uav-marine-city/outputs/detectors/server_fresh_baselines/fresh_20260519_131739/20260520_050745_yolov5su_visdrone_fresh_fresh_20260519_131739_seed2026/ultralytics/weights/best.pt,62.0,0.32902,0.53471,,,0.62253,0.52754,0.5711121517820654,100.0,0.32274,0.52631,,,0.60629,0.52358,0.5619076853089294,0.8872025476359271,,,9126062,24.1
YOLOv5su,yolov5su.pt,yolov5su.pt,,,,false,implemented,YOLO,yolo,v5,v5,true,small,small,small,small,VisDrone2019-DET,/home/oem/projects/multi-uav-marine-city/configs/detector/visdrone_yolo_data.yaml,1280,100,8,True,,,123,completed,/home/oem/projects/multi-uav-marine-city/outputs/detectors/server_fresh_baselines/fresh_20260519_131739/20260520_071659_yolov5su_visdrone_fresh_fresh_20260519_131739_seed123,/home/oem/projects/multi-uav-marine-city/outputs/detectors/server_fresh_baselines/fresh_20260519_131739/20260520_071659_yolov5su_visdrone_fresh_fresh_20260519_131739_seed123/ultralytics/results.csv,/home/oem/projects/multi-uav-marine-city/outputs/detectors/server_fresh_baselines/fresh_20260519_131739/20260520_071659_yolov5su_visdrone_fresh_fresh_20260519_131739_seed123/ultralytics/weights/best.pt,62.0,0.32927,0.53594,,,0.63294,0.51962,0.5707091740126328,100.0,0.31926,0.52406,,,0.64377,0.50266,0.5645306354509215,0.8867144150662014,,,9126062,24.1
YOLOv8n,yolov8n.pt,yolov8n.pt,,,,false,implemented,YOLO,yolo,v8,v8,true,nano,nano,nano,nano,VisDrone2019-DET,/home/oem/projects/multi-uav-marine-city/configs/detector/visdrone_yolo_data.yaml,1280,100,8,True,,,123,completed,/home/oem/projects/multi-uav-marine-city/outputs/detectors/server_fresh_baselines/fresh_20260519_131739/20260520_073445_yolov8n_visdrone_fresh_fresh_20260519_131739_seed123,/home/oem/projects/multi-uav-marine-city/outputs/detectors/server_fresh_baselines/fresh_20260519_131739/20260520_073445_yolov8n_visdrone_fresh_fresh_20260519_131739_seed123/ultralytics/results.csv,/home/oem/projects/multi-uav-marine-city/outputs/detectors/server_fresh_baselines/fresh_20260519_131739/20260520_073445_yolov8n_visdrone_fresh_fresh_20260519_131739_seed123/ultralytics/weights/best.pt,73.0,0.29107,0.47839,,,0.58874,0.46571,0.5200476179999052,100.0,0.28882,0.47765,,,0.58103,0.47443,0.5223467737289903,0.8677829512170963,,,3012798,8.2
YOLOv8s,yolov8s.pt,yolov8s.pt,,,,false,implemented,YOLO,yolo,v8,v8,true,small,small,small,small,VisDrone2019-DET,/home/oem/projects/multi-uav-marine-city/configs/detector/visdrone_yolo_data.yaml,1280,100,8,True,,,42,completed,/home/oem/projects/multi-uav-marine-city/outputs/detectors/server_fresh_baselines/fresh_20260519_131739/20260520_094003_yolov8s_visdrone_fresh_fresh_20260519_131739_seed42,/home/oem/projects/multi-uav-marine-city/outputs/detectors/server_fresh_baselines/fresh_20260519_131739/20260520_094003_yolov8s_visdrone_fresh_fresh_20260519_131739_seed42/ultralytics/results.csv,/home/oem/projects/multi-uav-marine-city/outputs/detectors/server_fresh_baselines/fresh_20260519_131739/20260520_094003_yolov8s_visdrone_fresh_fresh_20260519_131739_seed42/ultralytics/weights/best.pt,71.0,0.33009,0.53639,,,0.62616,0.53256,0.5755795526097763,100.0,0.3205,0.52308,,,0.61237,0.52693,0.5664462812253138,0.8799828192380417,,,11139470,28.7
YOLOv8n,yolov8n.pt,yolov8n.pt,,,,false,implemented,YOLO,yolo,v8,v8,true,nano,nano,nano,nano,VisDrone2019-DET,/home/oem/projects/multi-uav-marine-city/configs/detector/visdrone_yolo_data.yaml,1280,100,8,True,,,42,completed,/home/oem/projects/multi-uav-marine-city/outputs/detectors/server_fresh_baselines/fresh_20260519_131739/20260520_095417_yolov8n_visdrone_fresh_fresh_20260519_131739_seed42,/home/oem/projects/multi-uav-marine-city/outputs/detectors/server_fresh_baselines/fresh_20260519_131739/20260520_095417_yolov8n_visdrone_fresh_fresh_20260519_131739_seed42/ultralytics/results.csv,/home/oem/projects/multi-uav-marine-city/outputs/detectors/server_fresh_baselines/fresh_20260519_131739/20260520_095417_yolov8n_visdrone_fresh_fresh_20260519_131739_seed42/ultralytics/weights/best.pt,90.0,0.29251,0.48196,,,0.59647,0.46967,0.5255296019284521,100.0,0.2912,0.47985,,,0.58191,0.47461,0.5228113146935223,0.8728629106318351,,,3012798,8.2
YOLOv8n,yolov8n.pt,yolov8n.pt,,,,false,implemented,YOLO,yolo,v8,v8,true,nano,nano,nano,nano,VisDrone2019-DET,/home/oem/projects/multi-uav-marine-city/configs/detector/visdrone_yolo_data.yaml,1280,100,8,True,,,2026,completed,/home/oem/projects/multi-uav-marine-city/outputs/detectors/server_fresh_baselines/fresh_20260519_131739/20260520_120100_yolov8n_visdrone_fresh_fresh_20260519_131739_seed2026,/home/oem/projects/multi-uav-marine-city/outputs/detectors/server_fresh_baselines/fresh_20260519_131739/20260520_120100_yolov8n_visdrone_fresh_fresh_20260519_131739_seed2026/ultralytics/results.csv,/home/oem/projects/multi-uav-marine-city/outputs/detectors/server_fresh_baselines/fresh_20260519_131739/20260520_120100_yolov8n_visdrone_fresh_fresh_20260519_131739_seed2026/ultralytics/weights/best.pt,90.0,0.29384,0.48337,,,0.58663,0.48196,0.5291687079235254,100.0,0.29126,0.48013,,,0.57701,0.48229,0.5254151853110546,0.8695389049079966,,,3012798,8.2
YOLOv8s,yolov8s.pt,yolov8s.pt,,,,false,implemented,YOLO,yolo,v8,v8,true,small,small,small,small,VisDrone2019-DET,/home/oem/projects/multi-uav-marine-city/configs/detector/visdrone_yolo_data.yaml,1280,100,8,True,,,2026,completed,/home/oem/projects/multi-uav-marine-city/outputs/detectors/server_fresh_baselines/fresh_20260519_131739/20260520_121912_yolov8s_visdrone_fresh_fresh_20260519_131739_seed2026,/home/oem/projects/multi-uav-marine-city/outputs/detectors/server_fresh_baselines/fresh_20260519_131739/20260520_121912_yolov8s_visdrone_fresh_fresh_20260519_131739_seed2026/ultralytics/results.csv,/home/oem/projects/multi-uav-marine-city/outputs/detectors/server_fresh_baselines/fresh_20260519_131739/20260520_121912_yolov8s_visdrone_fresh_fresh_20260519_131739_seed2026/ultralytics/weights/best.pt,62.0,0.33246,0.5405,,,0.63322,0.52914,0.5765202360714409,100.0,0.32165,0.52457,,,0.62187,0.52174,0.5674215052334275,0.8874936276070005,,,11139470,28.7
YOLOv8s,yolov8s.pt,yolov8s.pt,,,,false,implemented,YOLO,yolo,v8,v8,true,small,small,small,small,VisDrone2019-DET,/home/oem/projects/multi-uav-marine-city/configs/detector/visdrone_yolo_data.yaml,1280,100,8,True,,,123,completed,/home/oem/projects/multi-uav-marine-city/outputs/detectors/server_fresh_baselines/fresh_20260519_131739/20260520_140737_yolov8s_visdrone_fresh_fresh_20260519_131739_seed123,/home/oem/projects/multi-uav-marine-city/outputs/detectors/server_fresh_baselines/fresh_20260519_131739/20260520_140737_yolov8s_visdrone_fresh_fresh_20260519_131739_seed123/ultralytics/results.csv,/home/oem/projects/multi-uav-marine-city/outputs/detectors/server_fresh_baselines/fresh_20260519_131739/20260520_140737_yolov8s_visdrone_fresh_fresh_20260519_131739_seed123/ultralytics/weights/best.pt,55.0,0.33605,0.54329,,,0.63114,0.53367,0.5783269096247456,100.0,0.32353,0.52753,,,0.63273,0.52269,0.57247,0.8880531839195772,,,11139470,28.7
YOLOv11n,yolo11n.pt,yolo11n.pt,,,,false,implemented,YOLO,yolo,v11,v11,true,nano,nano,nano,nano,VisDrone2019-DET,/home/oem/projects/multi-uav-marine-city/configs/detector/visdrone_yolo_data.yaml,1280,100,8,True,,,123,completed,/home/oem/projects/multi-uav-marine-city/outputs/detectors/server_fresh_baselines/fresh_20260519_131739/20260520_145715_yolo11n_visdrone_fresh_fresh_20260519_131739_seed123,/home/oem/projects/multi-uav-marine-city/outputs/detectors/server_fresh_baselines/fresh_20260519_131739/20260520_145715_yolo11n_visdrone_fresh_fresh_20260519_131739_seed123/ultralytics/results.csv,/home/oem/projects/multi-uav-marine-city/outputs/detectors/server_fresh_baselines/fresh_20260519_131739/20260520_145715_yolo11n_visdrone_fresh_fresh_20260519_131739_seed123/ultralytics/weights/best.pt,89.0,0.29006,0.48131,,,0.59476,0.47571,0.5286150561902715,100.0,0.28629,0.47377,,,0.59218,0.46786,0.522729962642919,0.8707009603846245,,,2591790,6.5
YOLOv11n,yolo11n.pt,yolo11n.pt,,,,false,implemented,YOLO,yolo,v11,v11,true,nano,nano,nano,nano,VisDrone2019-DET,/home/oem/projects/multi-uav-marine-city/configs/detector/visdrone_yolo_data.yaml,1280,100,8,True,,,42,completed,/home/oem/projects/multi-uav-marine-city/outputs/detectors/server_fresh_baselines/fresh_20260519_131739/20260520_164849_yolo11n_visdrone_fresh_fresh_20260519_131739_seed42,/home/oem/projects/multi-uav-marine-city/outputs/detectors/server_fresh_baselines/fresh_20260519_131739/20260520_164849_yolo11n_visdrone_fresh_fresh_20260519_131739_seed42/ultralytics/results.csv,/home/oem/projects/multi-uav-marine-city/outputs/detectors/server_fresh_baselines/fresh_20260519_131739/20260520_164849_yolo11n_visdrone_fresh_fresh_20260519_131739_seed42/ultralytics/weights/best.pt,78.0,0.28671,0.47073,,,0.57961,0.46499,0.5160115908481716,100.0,0.28252,0.46474,,,0.58004,0.46483,0.5160833274952865,0.8666369563902885,,,2591790,6.5
YOLOv11s,yolo11s.pt,yolo11s.pt,,,,false,implemented,YOLO,yolo,v11,v11,true,small,small,small,small,VisDrone2019-DET,/home/oem/projects/multi-uav-marine-city/configs/detector/visdrone_yolo_data.yaml,1280,100,8,True,,,42,completed,/home/oem/projects/multi-uav-marine-city/outputs/detectors/server_fresh_baselines/fresh_20260519_131739/20260520_171649_yolo11s_visdrone_fresh_fresh_20260519_131739_seed42,/home/oem/projects/multi-uav-marine-city/outputs/detectors/server_fresh_baselines/fresh_20260519_131739/20260520_171649_yolo11s_visdrone_fresh_fresh_20260519_131739_seed42/ultralytics/results.csv,/home/oem/projects/multi-uav-marine-city/outputs/detectors/server_fresh_baselines/fresh_20260519_131739/20260520_171649_yolo11s_visdrone_fresh_fresh_20260519_131739_seed42/ultralytics/weights/best.pt,62.0,0.32734,0.53006,,,0.62332,0.5224,0.5684152637642705,100.0,0.31317,0.51162,,,0.62037,0.50705,0.5580149518369375,0.884086597500079,,,9431662,21.6
YOLOv11n,yolo11n.pt,yolo11n.pt,,,,false,implemented,YOLO,yolo,v11,v11,true,nano,nano,nano,nano,VisDrone2019-DET,/home/oem/projects/multi-uav-marine-city/configs/detector/visdrone_yolo_data.yaml,1280,100,8,True,,,2026,completed,/home/oem/projects/multi-uav-marine-city/outputs/detectors/server_fresh_baselines/fresh_20260519_131739/20260520_190743_yolo11n_visdrone_fresh_fresh_20260519_131739_seed2026,/home/oem/projects/multi-uav-marine-city/outputs/detectors/server_fresh_baselines/fresh_20260519_131739/20260520_190743_yolo11n_visdrone_fresh_fresh_20260519_131739_seed2026/ultralytics/results.csv,/home/oem/projects/multi-uav-marine-city/outputs/detectors/server_fresh_baselines/fresh_20260519_131739/20260520_190743_yolo11n_visdrone_fresh_fresh_20260519_131739_seed2026/ultralytics/weights/best.pt,90.0,0.28622,0.47305,,,0.58488,0.46899,0.5205630128953287,100.0,0.28265,0.46682,,,0.5885,0.45981,0.5162560406749911,0.8699253746639242,,,2591790,6.5
YOLOv11s,yolo11s.pt,yolo11s.pt,,,,false,implemented,YOLO,yolo,v11,v11,true,small,small,small,small,VisDrone2019-DET,/home/oem/projects/multi-uav-marine-city/configs/detector/visdrone_yolo_data.yaml,1280,100,8,True,,,2026,completed,/home/oem/projects/multi-uav-marine-city/outputs/detectors/server_fresh_baselines/fresh_20260519_131739/20260520_200712_yolo11s_visdrone_fresh_fresh_20260519_131739_seed2026,/home/oem/projects/multi-uav-marine-city/outputs/detectors/server_fresh_baselines/fresh_20260519_131739/20260520_200712_yolo11s_visdrone_fresh_fresh_20260519_131739_seed2026/ultralytics/results.csv,/home/oem/projects/multi-uav-marine-city/outputs/detectors/server_fresh_baselines/fresh_20260519_131739/20260520_200712_yolo11s_visdrone_fresh_fresh_20260519_131739_seed2026/ultralytics/weights/best.pt,59.0,0.32534,0.52865,,,0.64193,0.51545,0.5717790500959062,100.0,0.31008,0.51074,,,0.62954,0.50151,0.5582787770655585,0.8866268032357925,,,9431662,21.6
YOLOv11s,yolo11s.pt,yolo11s.pt,,,,false,implemented,YOLO,yolo,v11,v11,true,small,small,small,small,VisDrone2019-DET,/home/oem/projects/multi-uav-marine-city/configs/detector/visdrone_yolo_data.yaml,1280,100,8,True,,,123,completed,/home/oem/projects/multi-uav-marine-city/outputs/detectors/server_fresh_baselines/fresh_20260519_131739/20260520_212625_yolo11s_visdrone_fresh_fresh_20260519_131739_seed123,/home/oem/projects/multi-uav-marine-city/outputs/detectors/server_fresh_baselines/fresh_20260519_131739/20260520_212625_yolo11s_visdrone_fresh_fresh_20260519_131739_seed123/ultralytics/results.csv,/home/oem/projects/multi-uav-marine-city/outputs/detectors/server_fresh_baselines/fresh_20260519_131739/20260520_212625_yolo11s_visdrone_fresh_fresh_20260519_131739_seed123/ultralytics/weights/best.pt,43.0,0.32593,0.52639,,,0.6311,0.51062,0.5645031741582875,100.0,0.31033,0.50617,,,0.61834,0.5057,0.556376175225081,0.8853984447409982,,,9431662,21.6
YOLOv12n,yolo12n.pt,yolo12n.pt,,,,false,implemented,YOLO,yolo,v12,v12,true,nano,nano,nano,nano,VisDrone2019-DET,/home/oem/projects/multi-uav-marine-city/configs/detector/visdrone_yolo_data.yaml,1280,100,8,True,,,123,completed,/home/oem/projects/multi-uav-marine-city/outputs/detectors/server_fresh_baselines/fresh_20260519_131739/20260520_225649_yolo12n_visdrone_fresh_fresh_20260519_131739_seed123,/home/oem/projects/multi-uav-marine-city/outputs/detectors/server_fresh_baselines/fresh_20260519_131739/20260520_225649_yolo12n_visdrone_fresh_fresh_20260519_131739_seed123/ultralytics/results.csv,/home/oem/projects/multi-uav-marine-city/outputs/detectors/server_fresh_baselines/fresh_20260519_131739/20260520_225649_yolo12n_visdrone_fresh_fresh_20260519_131739_seed123/ultralytics/weights/best.pt,65.0,0.29268,0.48134,,,0.58816,0.47941,0.5282459896774919,100.0,0.28627,0.47521,,,0.58188,0.47177,0.521071565700185,0.876523001646641,,,2569998,6.5
YOLOv12n,yolo12n.pt,yolo12n.pt,,,,false,implemented,YOLO,yolo,v12,v12,true,nano,nano,nano,nano,VisDrone2019-DET,/home/oem/projects/multi-uav-marine-city/configs/detector/visdrone_yolo_data.yaml,1280,100,8,True,,,42,completed,/home/oem/projects/multi-uav-marine-city/outputs/detectors/server_fresh_baselines/fresh_20260519_131739/20260521_001106_yolo12n_visdrone_fresh_fresh_20260519_131739_seed42,/home/oem/projects/multi-uav-marine-city/outputs/detectors/server_fresh_baselines/fresh_20260519_131739/20260521_001106_yolo12n_visdrone_fresh_fresh_20260519_131739_seed42/ultralytics/results.csv,/home/oem/projects/multi-uav-marine-city/outputs/detectors/server_fresh_baselines/fresh_20260519_131739/20260521_001106_yolo12n_visdrone_fresh_fresh_20260519_131739_seed42/ultralytics/weights/best.pt,59.0,0.29247,0.48103,,,0.59751,0.47258,0.5277523868085862,100.0,0.28362,0.4715,,,0.57277,0.47741,0.520760490011236,0.8743640879461282,,,2569998,6.5
YOLOv12s,yolo12s.pt,yolo12s.pt,,,,false,implemented,YOLO,yolo,v12,v12,true,small,small,small,small,VisDrone2019-DET,/home/oem/projects/multi-uav-marine-city/configs/detector/visdrone_yolo_data.yaml,1280,100,8,True,,,42,completed,/home/oem/projects/multi-uav-marine-city/outputs/detectors/server_fresh_baselines/fresh_20260519_131739/20260521_023313_yolo12s_visdrone_fresh_fresh_20260519_131739_seed42,/home/oem/projects/multi-uav-marine-city/outputs/detectors/server_fresh_baselines/fresh_20260519_131739/20260521_023313_yolo12s_visdrone_fresh_fresh_20260519_131739_seed42/ultralytics/results.csv,/home/oem/projects/multi-uav-marine-city/outputs/detectors/server_fresh_baselines/fresh_20260519_131739/20260521_023313_yolo12s_visdrone_fresh_fresh_20260519_131739_seed42/ultralytics/weights/best.pt,53.0,0.33282,0.53785,,,0.63224,0.52557,0.5739912020106926,100.0,0.31167,0.51136,,,0.62025,0.51451,0.5624534306813775,0.8895311706201898,,,9257006,21.5
YOLOv12n,yolo12n.pt,yolo12n.pt,,,,false,implemented,YOLO,yolo,v12,v12,true,nano,nano,nano,nano,VisDrone2019-DET,/home/oem/projects/multi-uav-marine-city/configs/detector/visdrone_yolo_data.yaml,1280,100,8,True,,,2026,completed,/home/oem/projects/multi-uav-marine-city/outputs/detectors/server_fresh_baselines/fresh_20260519_131739/20260521_034819_yolo12n_visdrone_fresh_fresh_20260519_131739_seed2026,/home/oem/projects/multi-uav-marine-city/outputs/detectors/server_fresh_baselines/fresh_20260519_131739/20260521_034819_yolo12n_visdrone_fresh_fresh_20260519_131739_seed2026/ultralytics/results.csv,/home/oem/projects/multi-uav-marine-city/outputs/detectors/server_fresh_baselines/fresh_20260519_131739/20260521_034819_yolo12n_visdrone_fresh_fresh_20260519_131739_seed2026/ultralytics/weights/best.pt,74.0,0.29612,0.48934,,,0.59594,0.4807,0.5321525449546738,100.0,0.29,0.48129,,,0.5873,0.48159,0.529217799773597,0.8763672907680065,,,2569998,6.5
YOLOv12s,yolo12s.pt,yolo12s.pt,,,,false,implemented,YOLO,yolo,v12,v12,true,small,small,small,small,VisDrone2019-DET,/home/oem/projects/multi-uav-marine-city/configs/detector/visdrone_yolo_data.yaml,1280,100,8,True,,,123,completed,/home/oem/projects/multi-uav-marine-city/outputs/detectors/server_fresh_baselines/fresh_20260519_131739/20260521_072514_yolo12s_visdrone_fresh_fresh_20260519_131739_seed123,/home/oem/projects/multi-uav-marine-city/outputs/detectors/server_fresh_baselines/fresh_20260519_131739/20260521_072514_yolo12s_visdrone_fresh_fresh_20260519_131739_seed123/ultralytics/results.csv,/home/oem/projects/multi-uav-marine-city/outputs/detectors/server_fresh_baselines/fresh_20260519_131739/20260521_072514_yolo12s_visdrone_fresh_fresh_20260519_131739_seed123/ultralytics/weights/best.pt,46.0,0.3322,0.53852,,,0.63114,0.52448,0.5728878129488932,100.0,0.31176,0.5095,,,0.61272,0.51764,0.5611811826320818,0.8880660752878985,,,9257006,21.5
YOLOv12s,yolo12s.pt,yolo12s.pt,,,,false,implemented,YOLO,yolo,v12,v12,true,small,small,small,small,VisDrone2019-DET,/home/oem/projects/multi-uav-marine-city/configs/detector/visdrone_yolo_data.yaml,1280,100,8,True,,,2026,completed,/home/oem/projects/multi-uav-marine-city/outputs/detectors/server_fresh_baselines/fresh_20260519_131739/20260521_080731_yolo12s_visdrone_fresh_fresh_20260519_131739_seed2026,/home/oem/projects/multi-uav-marine-city/outputs/detectors/server_fresh_baselines/fresh_20260519_131739/20260521_080731_yolo12s_visdrone_fresh_fresh_20260519_131739_seed2026/ultralytics/results.csv,/home/oem/projects/multi-uav-marine-city/outputs/detectors/server_fresh_baselines/fresh_20260519_131739/20260521_080731_yolo12s_visdrone_fresh_fresh_20260519_131739_seed2026/ultralytics/weights/best.pt,60.0,0.33153,0.53934,,,0.63895,0.5303,0.5795769681419713,100.0,0.31341,0.513,,,0.62606,0.51357,0.5642631980555092,0.8905663935717305,,,9257006,21.5
YOLOv26n,yolo26n.pt,yolo26n.pt,,,,false,implemented,YOLO,yolo,v26,v26,true,nano,nano,nano,nano,VisDrone2019-DET,/home/oem/projects/multi-uav-marine-city/configs/detector/visdrone_yolo_data.yaml,1280,100,8,True,,,42,completed,/home/oem/projects/multi-uav-marine-city/outputs/detectors/server_fresh_baselines/fresh_20260519_131739/20260521_130031_yolo26n_visdrone_fresh_fresh_20260519_131739_seed42,/home/oem/projects/multi-uav-marine-city/outputs/detectors/server_fresh_baselines/fresh_20260519_131739/20260521_130031_yolo26n_visdrone_fresh_fresh_20260519_131739_seed42/ultralytics/results.csv,/home/oem/projects/multi-uav-marine-city/outputs/detectors/server_fresh_baselines/fresh_20260519_131739/20260521_130031_yolo26n_visdrone_fresh_fresh_20260519_131739_seed42/ultralytics/weights/best.pt,71.0,0.28402,0.46761,,,0.57641,0.46592,0.5153088699356251,100.0,0.28046,0.46323,,,0.56612,0.46837,0.5126267521194019,0.882548411659865,,,2507700,5.8
YOLOv26n,yolo26n.pt,yolo26n.pt,,,,false,implemented,YOLO,yolo,v26,v26,true,nano,nano,nano,nano,VisDrone2019-DET,/home/oem/projects/multi-uav-marine-city/configs/detector/visdrone_yolo_data.yaml,1280,100,8,True,,,123,completed,/home/oem/projects/multi-uav-marine-city/outputs/detectors/server_fresh_baselines/fresh_20260519_131739/20260521_133953_yolo26n_visdrone_fresh_fresh_20260519_131739_seed123,/home/oem/projects/multi-uav-marine-city/outputs/detectors/server_fresh_baselines/fresh_20260519_131739/20260521_133953_yolo26n_visdrone_fresh_fresh_20260519_131739_seed123/ultralytics/results.csv,/home/oem/projects/multi-uav-marine-city/outputs/detectors/server_fresh_baselines/fresh_20260519_131739/20260521_133953_yolo26n_visdrone_fresh_fresh_20260519_131739_seed123/ultralytics/weights/best.pt,86.0,0.28352,0.46715,,,0.57291,0.46183,0.5114077455206139,100.0,0.28083,0.4642,,,0.57001,0.46831,0.5141794111641882,0.8833479694636255,,,2507700,5.8
YOLOv26n,yolo26n.pt,yolo26n.pt,,,,false,implemented,YOLO,yolo,v26,v26,true,nano,nano,nano,nano,VisDrone2019-DET,/home/oem/projects/multi-uav-marine-city/configs/detector/visdrone_yolo_data.yaml,1280,100,8,True,,,2026,completed,/home/oem/projects/multi-uav-marine-city/outputs/detectors/server_fresh_baselines/fresh_20260519_131739/20260521_160330_yolo26n_visdrone_fresh_fresh_20260519_131739_seed2026,/home/oem/projects/multi-uav-marine-city/outputs/detectors/server_fresh_baselines/fresh_20260519_131739/20260521_160330_yolo26n_visdrone_fresh_fresh_20260519_131739_seed2026/ultralytics/results.csv,/home/oem/projects/multi-uav-marine-city/outputs/detectors/server_fresh_baselines/fresh_20260519_131739/20260521_160330_yolo26n_visdrone_fresh_fresh_20260519_131739_seed2026/ultralytics/weights/best.pt,72.0,0.28396,0.46554,,,0.58481,0.45976,0.5147998613783662,100.0,0.2814,0.4647,,,0.56966,0.46518,0.5121457206911214,0.87145357868767,,,2507700,5.8
YOLOv26s,yolo26s.pt,yolo26s.pt,,,,false,implemented,YOLO,yolo,v26,v26,true,small,small,small,small,VisDrone2019-DET,/home/oem/projects/multi-uav-marine-city/configs/detector/visdrone_yolo_data.yaml,1280,100,8,True,,,42,completed,/home/oem/projects/multi-uav-marine-city/outputs/detectors/server_fresh_baselines/fresh_20260519_131739/20260521_164311_yolo26s_visdrone_fresh_fresh_20260519_131739_seed42,/home/oem/projects/multi-uav-marine-city/outputs/detectors/server_fresh_baselines/fresh_20260519_131739/20260521_164311_yolo26s_visdrone_fresh_fresh_20260519_131739_seed42/ultralytics/results.csv,/home/oem/projects/multi-uav-marine-city/outputs/detectors/server_fresh_baselines/fresh_20260519_131739/20260521_164311_yolo26s_visdrone_fresh_fresh_20260519_131739_seed42/ultralytics/weights/best.pt,41.0,0.32172,0.52124,,,0.5985,0.50802,0.5495607309402452,100.0,0.30498,0.49869,,,0.6082,0.50102,0.5494317881033519,0.8946561362487155,,,9955604,22.5
YOLOv26s,yolo26s.pt,yolo26s.pt,,,,false,implemented,YOLO,yolo,v26,v26,true,small,small,small,small,VisDrone2019-DET,/home/oem/projects/multi-uav-marine-city/configs/detector/visdrone_yolo_data.yaml,1280,100,8,True,,,123,completed,/home/oem/projects/multi-uav-marine-city/outputs/detectors/server_fresh_baselines/fresh_20260519_131739/20260521_190540_yolo26s_visdrone_fresh_fresh_20260519_131739_seed123,/home/oem/projects/multi-uav-marine-city/outputs/detectors/server_fresh_baselines/fresh_20260519_131739/20260521_190540_yolo26s_visdrone_fresh_fresh_20260519_131739_seed123/ultralytics/results.csv,/home/oem/projects/multi-uav-marine-city/outputs/detectors/server_fresh_baselines/fresh_20260519_131739/20260521_190540_yolo26s_visdrone_fresh_fresh_20260519_131739_seed123/ultralytics/weights/best.pt,41.0,0.32435,0.5258,,,0.61183,0.51719,0.5605434052541142,100.0,0.30737,0.50025,,,0.62242,0.49944,0.5541893726489937,0.8958118089247332,,,9955604,22.5
YOLOv26s,yolo26s.pt,yolo26s.pt,,,,false,implemented,YOLO,yolo,v26,v26,true,small,small,small,small,VisDrone2019-DET,/home/oem/projects/multi-uav-marine-city/configs/detector/visdrone_yolo_data.yaml,1280,100,8,True,,,2026,completed,/home/oem/projects/multi-uav-marine-city/outputs/detectors/server_fresh_baselines/fresh_20260519_131739/20260521_202344_yolo26s_visdrone_fresh_fresh_20260519_131739_seed2026,/home/oem/projects/multi-uav-marine-city/outputs/detectors/server_fresh_baselines/fresh_20260519_131739/20260521_202344_yolo26s_visdrone_fresh_fresh_20260519_131739_seed2026/ultralytics/results.csv,/home/oem/projects/multi-uav-marine-city/outputs/detectors/server_fresh_baselines/fresh_20260519_131739/20260521_202344_yolo26s_visdrone_fresh_fresh_20260519_131739_seed2026/ultralytics/weights/best.pt,41.0,0.32264,0.52177,,,0.60807,0.51084,0.5552304989677453,100.0,0.30857,0.50389,,,0.62659,0.50119,0.5569182679245952,0.892334553978106,,,9955604,22.5
YOLOv10m,yolov10m.pt,yolov10m.pt,,,,false,implemented,YOLO,yolo,v10,v10,true,medium,medium,medium,medium,VisDrone2019-DET,/home/oem/projects/multi-uav-marine-city/configs/detector/visdrone_yolo_data.yaml,1280,100,4,True,,,42,completed,/home/oem/projects/multi-uav-marine-city/outputs/detectors/server_fresh_baselines/fresh_20260519_131739/20260522_074559_yolov10m_visdrone_fresh_fresh_20260519_131739_seed42,/home/oem/projects/multi-uav-marine-city/outputs/detectors/server_fresh_baselines/fresh_20260519_131739/20260522_074559_yolov10m_visdrone_fresh_fresh_20260519_131739_seed42/ultralytics/results.csv,/home/oem/projects/multi-uav-marine-city/outputs/detectors/server_fresh_baselines/fresh_20260519_131739/20260522_074559_yolov10m_visdrone_fresh_fresh_20260519_131739_seed42/ultralytics/weights/best.pt,45.0,0.35168,0.56422,,,0.63702,0.55697,0.5943115593932947,100.0,0.33285,0.53824,,,0.64522,0.53737,0.5863771406827387,0.8973645128254137,,,16495708,64.0
YOLOv10m,yolov10m.pt,yolov10m.pt,,,,false,implemented,YOLO,yolo,v10,v10,true,medium,medium,medium,medium,VisDrone2019-DET,/home/oem/projects/multi-uav-marine-city/configs/detector/visdrone_yolo_data.yaml,1280,100,4,True,,,2026,completed,/home/oem/projects/multi-uav-marine-city/outputs/detectors/server_fresh_baselines/fresh_20260519_131739/20260522_130648_yolov10m_visdrone_fresh_fresh_20260519_131739_seed2026,/home/oem/projects/multi-uav-marine-city/outputs/detectors/server_fresh_baselines/fresh_20260519_131739/20260522_130648_yolov10m_visdrone_fresh_fresh_20260519_131739_seed2026/ultralytics/results.csv,/home/oem/projects/multi-uav-marine-city/outputs/detectors/server_fresh_baselines/fresh_20260519_131739/20260522_130648_yolov10m_visdrone_fresh_fresh_20260519_131739_seed2026/ultralytics/weights/best.pt,50.0,0.35557,0.56957,,,0.64893,0.55695,0.5994320554284008,100.0,0.33818,0.54674,,,0.65808,0.5413,0.5940047424502659,0.9039199416128154,,,16495708,64.0
RT-DETR-L,rtdetr-l.pt,rtdetr-l.pt,,,,false,implemented,RT-DETR,non_yolo,RT-DETR,,false,large,large,medium,medium,VisDrone2019-DET,/home/oem/projects/multi-uav-marine-city/configs/detector/visdrone_yolo_data.yaml,1280,100,4,True,,,2026,completed,/home/oem/projects/multi-uav-marine-city/outputs/detectors/server_fresh_baselines/fresh_20260519_131739_resume_20260522_190713/20260523_024925_rtdetr-l_visdrone_fresh_fresh_20260519_131739_seed2026_resume_20260522_190713,/home/oem/projects/multi-uav-marine-city/outputs/detectors/server_fresh_baselines/fresh_20260519_131739_resume_20260522_190713/20260523_024925_rtdetr-l_visdrone_fresh_fresh_20260519_131739_seed2026_resume_20260522_190713/ultralytics/results.csv,/home/oem/projects/multi-uav-marine-city/outputs/detectors/server_fresh_baselines/fresh_20260519_131739_resume_20260522_190713/20260523_024925_rtdetr-l_visdrone_fresh_fresh_20260519_131739_seed2026_resume_20260522_190713/ultralytics/weights/best.pt,76.0,0.31858,0.52791,,,0.61267,0.53818,0.5730142774471043,100.0,0.29025,0.5124,,,0.6253,0.51595,0.56538626067908,0.8948188612600042,,,32826626,108.0
YOLOv10m,yolov10m.pt,yolov10m.pt,,,,false,implemented,YOLO,yolo,v10,v10,true,medium,medium,medium,medium,VisDrone2019-DET,/home/oem/projects/multi-uav-marine-city/configs/detector/visdrone_yolo_data.yaml,1280,100,4,True,,,123,completed,/home/oem/projects/multi-uav-marine-city/outputs/detectors/server_fresh_baselines/fresh_20260519_131739_resume_20260522_190713/20260523_025301_yolov10m_visdrone_fresh_fresh_20260519_131739_seed123_resume_20260522_190713,/home/oem/projects/multi-uav-marine-city/outputs/detectors/server_fresh_baselines/fresh_20260519_131739_resume_20260522_190713/20260523_025301_yolov10m_visdrone_fresh_fresh_20260519_131739_seed123_resume_20260522_190713/ultralytics/results.csv,/home/oem/projects/multi-uav-marine-city/outputs/detectors/server_fresh_baselines/fresh_20260519_131739_resume_20260522_190713/20260523_025301_yolov10m_visdrone_fresh_fresh_20260519_131739_seed123_resume_20260522_190713/ultralytics/weights/best.pt,51.0,0.35454,0.56858,,,0.64336,0.55785,0.5975614189026065,100.0,0.33523,0.54112,,,0.64001,0.53579,0.583281098656234,0.9037819527409232,,,16495708,64.0
YOLOv12m,yolo12m.pt,yolo12m.pt,,,,false,implemented,YOLO,yolo,v12,v12,true,medium,medium,medium,medium,VisDrone2019-DET,/home/oem/projects/multi-uav-marine-city/configs/detector/visdrone_yolo_data.yaml,1280,100,4,True,,,123,completed,/home/oem/projects/multi-uav-marine-city/outputs/detectors/server_fresh_baselines/fresh_20260519_131739_resume_20260522_190713/20260523_080841_yolo12m_visdrone_fresh_fresh_20260519_131739_seed123_resume_20260522_190713,/home/oem/projects/multi-uav-marine-city/outputs/detectors/server_fresh_baselines/fresh_20260519_131739_resume_20260522_190713/20260523_080841_yolo12m_visdrone_fresh_fresh_20260519_131739_seed123_resume_20260522_190713/ultralytics/results.csv,/home/oem/projects/multi-uav-marine-city/outputs/detectors/server_fresh_baselines/fresh_20260519_131739_resume_20260522_190713/20260523_080841_yolo12m_visdrone_fresh_fresh_20260519_131739_seed123_resume_20260522_190713/ultralytics/weights/best.pt,58.0,0.3659,0.58462,,,0.66781,0.57021,0.6151628246716531,100.0,0.34716,0.55911,,,0.66234,0.55476,0.6037954784323392,0.8937966724644488,,,20145198,67.8
YOLOv12m,yolo12m.pt,yolo12m.pt,,,,false,implemented,YOLO,yolo,v12,v12,true,medium,medium,medium,medium,VisDrone2019-DET,/home/oem/projects/multi-uav-marine-city/configs/detector/visdrone_yolo_data.yaml,1280,100,4,True,,,42,completed,/home/oem/projects/multi-uav-marine-city/outputs/detectors/server_fresh_baselines/fresh_20260519_131739_resume_20260522_190713/20260523_131554_yolo12m_visdrone_fresh_fresh_20260519_131739_seed42_resume_20260522_190713,/home/oem/projects/multi-uav-marine-city/outputs/detectors/server_fresh_baselines/fresh_20260519_131739_resume_20260522_190713/20260523_131554_yolo12m_visdrone_fresh_fresh_20260519_131739_seed42_resume_20260522_190713/ultralytics/results.csv,/home/oem/projects/multi-uav-marine-city/outputs/detectors/server_fresh_baselines/fresh_20260519_131739_resume_20260522_190713/20260523_131554_yolo12m_visdrone_fresh_fresh_20260519_131739_seed42_resume_20260522_190713/ultralytics/weights/best.pt,53.0,0.36746,0.58817,,,0.66819,0.56765,0.6138303558713101,100.0,0.34725,0.56227,,,0.6724,0.55305,0.6069130849891877,0.9007435000903197,,,20145198,67.8
YOLOv12m,yolo12m.pt,yolo12m.pt,,,,false,implemented,YOLO,yolo,v12,v12,true,medium,medium,medium,medium,VisDrone2019-DET,/home/oem/projects/multi-uav-marine-city/configs/detector/visdrone_yolo_data.yaml,1280,100,4,True,,,2026,completed,/home/oem/projects/multi-uav-marine-city/outputs/detectors/server_fresh_baselines/fresh_20260519_131739_resume_20260522_190713/20260523_223638_yolo12m_visdrone_fresh_fresh_20260519_131739_seed2026_isolated_20260523_203730,/home/oem/projects/multi-uav-marine-city/outputs/detectors/server_fresh_baselines/fresh_20260519_131739_resume_20260522_190713/20260523_223638_yolo12m_visdrone_fresh_fresh_20260519_131739_seed2026_isolated_20260523_203730/ultralytics/results.csv,/home/oem/projects/multi-uav-marine-city/outputs/detectors/server_fresh_baselines/fresh_20260519_131739_resume_20260522_190713/20260523_223638_yolo12m_visdrone_fresh_fresh_20260519_131739_seed2026_isolated_20260523_203730/ultralytics/weights/best.pt,44.0,0.36727,0.58167,,,0.65776,0.57031,0.6109213735373391,100.0,0.34357,0.55517,,,0.65726,0.55397,0.6012108719235817,0.8955944510462949,,,20145198,67.8
RT-DETR-L,rtdetr-l.pt,rtdetr-l.pt,,,,false,,RT-DETR,non_yolo,RT-DETR,,false,large,large,unknown,large,VisDrone2019-DET,/home/oem/projects/multi-uav-marine-city/configs/detector/visdrone_yolo_data.yaml,1280,100,2,True,,,42,incomplete,/home/oem/projects/multi-uav-marine-city/outputs/detectors/server_fresh_baselines/fresh_20260519_131739_resume_20260522_190713/20260523_223712_rtdetr-l_visdrone_fresh_fresh_20260519_131739_seed42_batch2_retry_20260523_223634,/home/oem/projects/multi-uav-marine-city/outputs/detectors/server_fresh_baselines/fresh_20260519_131739_resume_20260522_190713/20260523_223712_rtdetr-l_visdrone_fresh_fresh_20260519_131739_seed42_batch2_retry_20260523_223634/ultralytics/results.csv,/home/oem/projects/multi-uav-marine-city/outputs/detectors/server_fresh_baselines/fresh_20260519_131739_resume_20260522_190713/20260523_223712_rtdetr-l_visdrone_fresh_fresh_20260519_131739_seed42_batch2_retry_20260523_223634/ultralytics/weights/best.pt,8.0,0.10632,0.27177,,,0.40924,0.31969,0.35896433292634405,8.0,0.10632,0.27177,,,0.40924,0.31969,0.35896433292634405,,,,,
RT-DETR-L,rtdetr-l.pt,rtdetr-l.pt,,,,false,,RT-DETR,non_yolo,RT-DETR,,false,large,large,unknown,large,VisDrone2019-DET,/home/oem/projects/multi-uav-marine-city/configs/detector/visdrone_yolo_data.yaml,1280,100,2,True,,,123,incomplete,/home/oem/projects/multi-uav-marine-city/outputs/detectors/server_fresh_baselines/fresh_20260519_131739_resume_20260522_190713/20260524_014324_rtdetr-l_visdrone_fresh_fresh_20260519_131739_seed123_batch2_retry_20260523_223634,/home/oem/projects/multi-uav-marine-city/outputs/detectors/server_fresh_baselines/fresh_20260519_131739_resume_20260522_190713/20260524_014324_rtdetr-l_visdrone_fresh_fresh_20260519_131739_seed123_batch2_retry_20260523_223634/ultralytics/results.csv,/home/oem/projects/multi-uav-marine-city/outputs/detectors/server_fresh_baselines/fresh_20260519_131739_resume_20260522_190713/20260524_014324_rtdetr-l_visdrone_fresh_fresh_20260519_131739_seed123_batch2_retry_20260523_223634/ultralytics/weights/best.pt,1.0,0.12479,0.23394,,,0.34233,0.27737,0.30644528675165406,8.0,0.11936,0.26012,,,0.39808,0.31201,0.34982872818938443,,,,,
ProposedTop3-SE-yolo12m,yolo12m.pt,yolo12m.pt,se_neck,se_neck,se_neck,true,implemented,YOLO,yolo,v12,v12,true,medium,medium,medium,medium,VisDrone2019-DET,/home/oem/projects/multi-uav-marine-city/configs/detector/visdrone_yolo_data.yaml,1280,100,8,True,,,42,completed,/home/oem/projects/multi-uav-marine-city/outputs/detectors/server_top3_proposed_ablation/20260604_005148_proposed_se_neck_yolo12m_visdrone_top3_seed42,/home/oem/projects/multi-uav-marine-city/outputs/detectors/server_top3_proposed_ablation/20260604_005148_proposed_se_neck_yolo12m_visdrone_top3_seed42/ultralytics/results.csv,/home/oem/projects/multi-uav-marine-city/outputs/detectors/server_top3_proposed_ablation/20260604_005148_proposed_se_neck_yolo12m_visdrone_top3_seed42/ultralytics/weights/best.pt,54.0,0.36436,0.58038,,,0.65798,0.56988,0.6107693750101802,100.0,0.34441,0.55322,,,0.66221,0.54827,0.5998775307316107,0.8927599502424126,,,20145198,67.8
proposed_se_neck_yolo12m,proposed_se_neck_yolo12m,proposed_se_neck_yolo12m,,,,false,,Other,non_yolo,unknown,,false,unknown,unknown,medium,medium,VisDrone2019-DET,/home/oem/projects/multi-uav-marine-city/configs/detector/visdrone_yolo_data.yaml,1280,100,8,True,,,123,incomplete,/home/oem/projects/multi-uav-marine-city/outputs/detectors/server_top3_proposed_ablation/20260604_101321_proposed_se_neck_yolo12m_visdrone_top3_seed123,/home/oem/projects/multi-uav-marine-city/outputs/detectors/server_top3_proposed_ablation/20260604_101321_proposed_se_neck_yolo12m_visdrone_top3_seed123/ultralytics/results.csv,/home/oem/projects/multi-uav-marine-city/outputs/detectors/server_top3_proposed_ablation/20260604_101321_proposed_se_neck_yolo12m_visdrone_top3_seed123/ultralytics/weights/best.pt,51.0,0.3652,0.58131,,,0.65305,0.57365,0.61078035787071,55.0,0.36364,0.57853,,,0.6525,0.56662,0.6065351236957806,,,,20145198,67.8
