method,model,base_model,ablation,proposed_module,is_proposed,implementation_status,detector_family,architecture_group,model_version,yolo_version,is_yolo,model_scale,name_size_tag,param_size_group,size_group,dataset,seed_count,seeds,analysis_level,best_AP_mean,best_AP_std,best_AP_n,best_AP_mean_std,best_AP50_mean,best_AP50_std,best_AP50_n,best_AP50_mean_std,best_precision_mean,best_precision_std,best_precision_n,best_precision_mean_std,best_recall_mean,best_recall_std,best_recall_n,best_recall_mean_std,best_F1_mean,best_F1_std,best_F1_n,best_F1_mean_std,ROC-AUC_mean,ROC-AUC_std,ROC-AUC_n,ROC-AUC_mean_std,Params_mean,Params_std,Params_n,Params_mean_std,GFLOPs_mean,GFLOPs_std,GFLOPs_n,GFLOPs_mean_std
RT-DETR-L,rtdetr-l.pt,rtdetr-l.pt,,,false,implemented,RT-DETR,non_yolo,RT-DETR,,false,large,large,medium,medium,VisDrone2019-DET,1,2026,preliminary,0.31858,0.0,1,0.3186 +/- 0.0000,0.52791,0.0,1,0.5279 +/- 0.0000,0.61267,0.0,1,0.6127 +/- 0.0000,0.53818,0.0,1,0.5382 +/- 0.0000,0.5730142774471043,0.0,1,0.5730 +/- 0.0000,0.8948188612600042,0.0,1,0.8948 +/- 0.0000,32826626.0,0.0,1,32826626.0000 +/- 0.0000,108.0,0.0,1,108.0000 +/- 0.0000
YOLOv10m,yolov10m.pt,yolov10m.pt,,,false,implemented,YOLO,yolo,v10,v10,true,medium,medium,medium,medium,VisDrone2019-DET,3,"123,2026,42",preliminary,0.35393,0.0020154652068443218,3,0.3539 +/- 0.0020,0.5674566666666667,0.0028464070919903867,3,0.5675 +/- 0.0028,0.6431033333333334,0.005959147030685952,3,0.6431 +/- 0.0060,0.5572566666666666,0.0005139390365922155,3,0.5573 +/- 0.0005,0.5971016779081006,0.0025910212750778904,3,0.5971 +/- 0.0026,0.9016888023930508,0.003745580119390383,3,0.9017 +/- 0.0037,16495708.0,0.0,3,16495708.0000 +/- 0.0000,64.0,0.0,3,64.0000 +/- 0.0000
YOLOv10n,yolov10n.pt,yolov10n.pt,,,false,implemented,YOLO,yolo,v10,v10,true,nano,nano,nano,nano,VisDrone2019-DET,3,"123,2026,42",preliminary,0.28382666666666667,0.0015573802789727977,3,0.2838 +/- 0.0016,0.46659666666666666,0.00208835661067102,3,0.4666 +/- 0.0021,0.5666533333333333,0.0051320983362882966,3,0.5667 +/- 0.0051,0.4697233333333333,0.00374456049935547,3,0.4697 +/- 0.0037,0.5136395181913519,0.002564890390888268,3,0.5136 +/- 0.0026,0.883447318173801,0.0020374583348661537,3,0.8834 +/- 0.0020,2710940.0,0.0,3,2710940.0000 +/- 0.0000,8.4,0.0,3,8.4000 +/- 0.0000
YOLOv10s,yolov10s.pt,yolov10s.pt,,,false,implemented,YOLO,yolo,v10,v10,true,small,small,small,small,VisDrone2019-DET,3,"123,2026,42",preliminary,0.3247833333333333,0.0020139099615755843,3,0.3248 +/- 0.0020,0.5260033333333334,0.0011600143677271359,3,0.5260 +/- 0.0012,0.6238666666666667,0.002171550905075299,3,0.6239 +/- 0.0022,0.5138566666666666,0.002516988941837711,3,0.5139 +/- 0.0025,0.5635384141802381,0.0014037547647434568,3,0.5635 +/- 0.0014,0.8953281529925501,0.0022844373018741423,3,0.8953 +/- 0.0023,8074092.0,0.0,3,8074092.0000 +/- 0.0000,24.8,0.0,3,24.8000 +/- 0.0000
YOLOv11n,yolo11n.pt,yolo11n.pt,,,false,implemented,YOLO,yolo,v11,v11,true,nano,nano,nano,nano,VisDrone2019-DET,3,"123,2026,42",preliminary,0.2876633333333333,0.0020899840509758234,3,0.2877 +/- 0.0021,0.47503,0.005560971138209596,3,0.4750 +/- 0.0056,0.5864166666666666,0.0076910099033438584,3,0.5864 +/- 0.0077,0.4698966666666667,0.005417207152521803,3,0.4699 +/- 0.0054,0.5217298866445906,0.006382243368707875,3,0.5217 +/- 0.0064,0.8690877638129457,0.0021575972909123812,3,0.8691 +/- 0.0022,2591790.0,0.0,3,2591790.0000 +/- 0.0000,6.5,0.0,3,6.5000 +/- 0.0000
YOLOv11s,yolo11s.pt,yolo11s.pt,,,false,implemented,YOLO,yolo,v11,v11,true,small,small,small,small,VisDrone2019-DET,3,"123,2026,42",preliminary,0.32620333333333335,0.0010276348248932307,3,0.3262 +/- 0.0010,0.5283666666666667,0.0018513328531988057,3,0.5284 +/- 0.0019,0.6321166666666667,0.00934656264801844,3,0.6321 +/- 0.0093,0.5161566666666666,0.005921708649818345,3,0.5162 +/- 0.0059,0.5682324960061548,0.0036413796430693228,3,0.5682 +/- 0.0036,0.8853706151589565,0.001270331515457811,3,0.8854 +/- 0.0013,9431662.0,0.0,3,9431662.0000 +/- 0.0000,21.6,0.0,3,21.6000 +/- 0.0000
YOLOv12m,yolo12m.pt,yolo12m.pt,,,false,implemented,YOLO,yolo,v12,v12,true,medium,medium,medium,medium,VisDrone2019-DET,3,"123,2026,42",preliminary,0.3668766666666667,0.0008511364951248007,3,0.3669 +/- 0.0009,0.58482,0.0032546121120649433,3,0.5848 +/- 0.0033,0.6645866666666667,0.005915119046421054,3,0.6646 +/- 0.0059,0.56939,0.00150771350063598,3,0.5694 +/- 0.0015,0.6133048513601007,0.0021690074169235336,3,0.6133 +/- 0.0022,0.8967115412003545,0.003605623569524866,3,0.8967 +/- 0.0036,20145198.0,0.0,3,20145198.0000 +/- 0.0000,67.8,0.0,3,67.8000 +/- 0.0000
YOLOv12n,yolo12n.pt,yolo12n.pt,,,false,implemented,YOLO,yolo,v12,v12,true,nano,nano,nano,nano,VisDrone2019-DET,3,"123,2026,42",preliminary,0.29375666666666667,0.002049398285676387,3,0.2938 +/- 0.0020,0.48390333333333335,0.004710842104479125,3,0.4839 +/- 0.0047,0.59387,0.005006925204154733,3,0.5939 +/- 0.0050,0.47756333333333334,0.004363626167917388,3,0.4776 +/- 0.0044,0.5293836404802507,0.0024106088316872294,3,0.5294 +/- 0.0024,0.8757514601202585,0.0012040193651244476,3,0.8758 +/- 0.0012,2569998.0,0.0,3,2569998.0000 +/- 0.0000,6.5,0.0,3,6.5000 +/- 0.0000
YOLOv12s,yolo12s.pt,yolo12s.pt,,,false,implemented,YOLO,yolo,v12,v12,true,small,small,small,small,VisDrone2019-DET,3,"123,2026,42",preliminary,0.33218333333333333,0.0006451614784946029,3,0.3322 +/- 0.0006,0.53857,0.0007462573282722226,3,0.5386 +/- 0.0007,0.6341100000000001,0.004227493347126633,3,0.6341 +/- 0.0042,0.5267833333333333,0.0030939026056638333,3,0.5268 +/- 0.0031,0.5754853277005191,0.003586155041548043,3,0.5755 +/- 0.0036,0.8893878798266063,0.0012563029366997917,3,0.8894 +/- 0.0013,9257006.0,0.0,3,9257006.0000 +/- 0.0000,21.5,0.0,3,21.5000 +/- 0.0000
YOLOv26n,yolo26n.pt,yolo26n.pt,,,false,implemented,YOLO,yolo,v26,v26,true,nano,nano,nano,nano,VisDrone2019-DET,3,"123,2026,42",preliminary,0.2838333333333333,0.00027300793639257613,3,0.2838 +/- 0.0003,0.46676666666666666,0.0010869375940381063,3,0.4668 +/- 0.0011,0.5780433333333334,0.006115826463637892,3,0.5780 +/- 0.0061,0.4625033333333333,0.0031347142347163508,3,0.4625 +/- 0.0031,0.513838825611535,0.0021207039477955723,3,0.5138 +/- 0.0021,0.8791166532703868,0.006648447729778636,3,0.8791 +/- 0.0066,2507700.0,0.0,3,2507700.0000 +/- 0.0000,5.8,0.0,3,5.8000 +/- 0.0000
YOLOv26s,yolo26s.pt,yolo26s.pt,,,false,implemented,YOLO,yolo,v26,v26,true,small,small,small,small,VisDrone2019-DET,3,"123,2026,42",preliminary,0.3229033333333333,0.0013346285375839114,3,0.3229 +/- 0.0013,0.5229366666666667,0.0024938390752679796,3,0.5229 +/- 0.0025,0.6061333333333333,0.006872789341550707,3,0.6061 +/- 0.0069,0.5120166666666667,0.00469687484752718,3,0.5120 +/- 0.0047,0.5551115450540349,0.005492303368926358,3,0.5551 +/- 0.0055,0.8942674997171849,0.0017709049257910356,3,0.8943 +/- 0.0018,9955604.0,0.0,3,9955604.0000 +/- 0.0000,22.5,0.0,3,22.5000 +/- 0.0000
YOLOv5su,yolov5su.pt,yolov5su.pt,,,false,implemented,YOLO,yolo,v5,v5,true,small,small,small,small,VisDrone2019-DET,3,"123,2026,42",preliminary,0.32787666666666665,0.002200371180808655,3,0.3279 +/- 0.0022,0.5330533333333334,0.0039824155149021205,3,0.5331 +/- 0.0040,0.62612,0.0059090354542851884,3,0.6261 +/- 0.0059,0.5227233333333333,0.004228857213637451,3,0.5227 +/- 0.0042,0.5697448064739212,0.0020293499872640394,3,0.5697 +/- 0.0020,0.885271192902442,0.0029326430532829123,3,0.8853 +/- 0.0029,9126062.0,0.0,3,9126062.0000 +/- 0.0000,24.1,0.0,3,24.1000 +/- 0.0000
YOLOv8n,yolov8n.pt,yolov8n.pt,,,false,implemented,YOLO,yolo,v8,v8,true,nano,nano,nano,nano,VisDrone2019-DET,3,"123,2026,42",preliminary,0.2924733333333333,0.001385363971428926,3,0.2925 +/- 0.0014,0.48124,0.0025668852720758866,3,0.4812 +/- 0.0026,0.5906133333333333,0.005180582335349279,3,0.5906 +/- 0.0052,0.4724466666666667,0.008473372016696382,3,0.4724 +/- 0.0085,0.5249153092839609,0.00459146893036409,3,0.5249 +/- 0.0046,0.870061588918976,0.0025799991948348613,3,0.8701 +/- 0.0026,3012798.0,0.0,3,3012798.0000 +/- 0.0000,8.2,0.0,3,8.2000 +/- 0.0000
YOLOv8s,yolov8s.pt,yolov8s.pt,,,false,implemented,YOLO,yolo,v8,v8,true,small,small,small,small,VisDrone2019-DET,3,"123,2026,42",preliminary,0.33286666666666664,0.003000738797918507,3,0.3329 +/- 0.0030,0.54006,0.0034709796887910527,3,0.5401 +/- 0.0035,0.6301733333333334,0.003627910325977364,3,0.6302 +/- 0.0036,0.53179,0.002361122614351029,3,0.5318 +/- 0.0024,0.576808899435321,0.0013962405040537215,3,0.5768 +/- 0.0014,0.8851765435882064,0.004506590206115599,3,0.8852 +/- 0.0045,11139470.0,0.0,3,11139470.0000 +/- 0.0000,28.7,0.0,3,28.7000 +/- 0.0000
YOLOv9s,yolov9s.pt,yolov9s.pt,,,false,implemented,YOLO,yolo,v9,v9,true,small,small,small,small,VisDrone2019-DET,3,"123,2026,42",preliminary,0.3433466666666667,0.00027592269448767874,3,0.3433 +/- 0.0003,0.5544333333333333,0.00043131581623371277,3,0.5544 +/- 0.0004,0.63624,0.008700091953537,3,0.6362 +/- 0.0087,0.5448033333333333,0.00395880453335768,3,0.5448 +/- 0.0040,0.5869446178264492,0.002569906382928454,3,0.5869 +/- 0.0026,0.8882980171306314,0.0011162940898370268,3,0.8883 +/- 0.0011,7291278.0,0.0,3,7291278.0000 +/- 0.0000,27.4,0.0,3,27.4000 +/- 0.0000
