AssA,DetA,FN,FP,Frag,HOTA,IDF1,IDSW,MOTA,TP,accepted_correct,accepted_false,accepted_unknown,aggregation,all_accepted_coverage,eligible_source_tracklets,input_rows,invalid_sequences,known_link_coverage,known_link_error_rate,method,output_rows,predicted_boxes,protocol,scope,sequence_count,tracker,valid_common_box_protocol,valid_gt_boxes
42.441758024508005,30.9567944969905,104379,12726,7690,34.721362583544135,38.53276099433515,10297,28.838493271358235,91815,17,15,68,equal_sequence_mean_metrics_total_counts,0.011712344811431248,8538,104545,3,0.0037479503396579995,0.46875,aflink_cached_native_dedup,104541,104541,official_detector,all_sequences,50,bytetrack,False,196194
42.44211904851241,30.955534159996255,104382,12729,7689,34.72032008783662,38.532309178517615,10297,28.836582125044355,91812,17,15,68,equal_sequence_mean_metrics_total_counts,0.011712344811431248,8538,104545,50,0.0037479503396579995,0.46875,aflink_cached_native_saved,104541,104541,official_detector,all_sequences,50,bytetrack,False,196194
42.44153054595538,30.956937870663914,104376,12727,7690,34.72127393034568,38.53276099433515,10297,28.838648235597606,91818,17,15,68,equal_sequence_mean_metrics_total_counts,0.011712344811431248,8538,104545,3,0.0037479503396579995,0.46875,aflink_cached_no_dedup,104545,104545,official_detector,all_sequences,50,bytetrack,False,196194
42.45347200189254,30.956937870663914,104376,12727,7690,34.72773971294424,38.532514274337174,10297,28.838648235597606,91818,17,14,65,equal_sequence_mean_metrics_total_counts,0.011243851018973999,8538,104545,0,0.003630826891543687,0.45161290322580644,aflink_cached_overlap_safe,104545,104545,official_detector,all_sequences,50,bytetrack,True,196194
43.754992136797625,30.955724665701783,104376,12727,7690,35.39909653851582,39.967401330532766,8935,29.61374190453957,91818,97,41,2796,equal_sequence_mean_metrics_total_counts,0.3436401967673928,8538,104545,0,0.016163035839775124,0.2971014492753623,com3d_reciprocal_guard,104545,104545,official_detector,all_sequences,50,bytetrack,True,196194
44.40712850341626,30.956398267303403,104376,12727,7690,35.75822617012022,40.973999059387516,7604,30.19491531703129,91818,119,45,4173,equal_sequence_mean_metrics_total_counts,0.5079643944717732,8538,104545,0,0.019208245490747247,0.27439024390243905,controlled_cost_greedy,104545,104545,official_detector,all_sequences,50,bytetrack,True,196194
44.02559361147374,30.955244678149878,104376,12727,7690,35.53279714304084,40.42213108370916,8491,29.804180675357088,91818,106,35,3033,equal_sequence_mean_metrics_total_counts,0.37174982431482784,8538,104545,0,0.01651440618411806,0.24822695035460993,controlled_cost_reciprocal,104545,104545,official_detector,all_sequences,50,bytetrack,True,196194
44.1428561958578,30.94689126521057,104376,12727,7690,35.63613074912635,40.75504629806071,7908,30.07113592605398,91818,110,64,4256,equal_sequence_mean_metrics_total_counts,0.5188568751464043,8538,104545,0,0.020379479971890373,0.367816091954023,geometry_greedy,104545,104545,official_detector,all_sequences,50,bytetrack,True,196194
44.490973609756665,30.95112995702985,104376,12727,7690,35.794383657900305,41.104059771348645,7711,30.196840373723106,91818,124,40,4206,equal_sequence_mean_metrics_total_counts,0.5118294682595456,8538,104545,0,0.019208245490747247,0.24390243902439024,geometry_reid_greedy_guard,104545,104545,official_detector,all_sequences,50,bytetrack,True,196194
44.10538812617762,30.95569739495098,104376,12727,7690,35.57788558011366,40.56301056770218,8405,29.84725948798606,91818,109,44,3905,equal_sequence_mean_metrics_total_counts,0.47528695244788005,8538,104545,0,0.017919887561489812,0.2875816993464052,geometry_reid_hungarian,104545,104545,official_detector,all_sequences,50,bytetrack,True,196194
42.28840199140618,30.95868140253957,104376,12727,7690,34.64553531169412,38.316340731805155,10324,28.830907660110967,91818,0,0,0,equal_sequence_mean_metrics_total_counts,0.0,8538,104545,0,0.0,,no_refinement,104545,104545,official_detector,all_sequences,50,bytetrack,True,196194
67.1576702969488,45.106469236723704,72677,12281,4881,54.00470611995418,63.3339045732378,1342,49.78821325262671,123517,6,11,47,equal_sequence_mean_metrics_total_counts,0.018817994707438987,3401,135798,0,0.004998529844163481,0.6470588235294118,aflink_cached_native_dedup,135798,135798,official_detector,all_sequences,50,deepocsort,True,196194
67.15498708462839,45.10575862520431,72677,12281,4880,54.00371947163857,63.333373723825645,1342,49.78936977491321,123517,6,11,47,equal_sequence_mean_metrics_total_counts,0.018817994707438987,3401,135798,50,0.004998529844163481,0.6470588235294118,aflink_cached_native_saved,135798,135798,official_detector,all_sequences,50,deepocsort,False,196194
67.1576702969488,45.106469236723704,72677,12281,4881,54.00470611995418,63.3339045732378,1342,49.78821325262671,123517,6,11,47,equal_sequence_mean_metrics_total_counts,0.018817994707438987,3401,135798,0,0.004998529844163481,0.6470588235294118,aflink_cached_no_dedup,135798,135798,official_detector,all_sequences,50,deepocsort,True,196194
67.1576702969488,45.106469236723704,72677,12281,4881,54.00470611995418,63.3339045732378,1342,49.78821325262671,123517,6,11,47,equal_sequence_mean_metrics_total_counts,0.018817994707438987,3401,135798,0,0.004998529844163481,0.6470588235294118,aflink_cached_overlap_safe,135798,135798,official_detector,all_sequences,50,deepocsort,True,196194
67.83676799973769,45.10611481469242,72677,12281,4881,54.30897702017599,64.08300884293617,1046,50.06578162693367,123517,42,20,675,equal_sequence_mean_metrics_total_counts,0.2167009703028521,3401,135798,0,0.01822993237283152,0.3225806451612903,com3d_reciprocal_guard,135798,135798,official_detector,all_sequences,50,deepocsort,True,196194
67.95552955927462,45.10513212925513,72677,12281,4881,54.36215458686148,64.16783639486219,945,50.126574446057894,123517,47,20,830,equal_sequence_mean_metrics_total_counts,0.2637459570714496,3401,135798,0,0.01970008820935019,0.29850746268656714,controlled_cost_greedy,135798,135798,official_detector,all_sequences,50,deepocsort,True,196194
68.00037386274005,45.10392361297611,72677,12281,4881,54.382300189572945,64.2299275991616,979,50.10637420594321,123517,47,19,686,equal_sequence_mean_metrics_total_counts,0.2211114378124081,3401,135798,0,0.019406057042046457,0.2878787878787879,controlled_cost_reciprocal,135798,135798,official_detector,all_sequences,50,deepocsort,True,196194
67.70948240172952,45.106166732737414,72677,12281,4881,54.25346154530702,64.0072576166142,1008,50.09258830316176,123517,41,29,865,equal_sequence_mean_metrics_total_counts,0.2749191414289915,3401,135798,0,0.020582181711261395,0.4142857142857143,geometry_greedy,135798,135798,official_detector,all_sequences,50,deepocsort,True,196194
67.91573986466868,45.103873753073714,72677,12281,4881,54.343313548248204,64.1460099478798,942,50.13184383970627,123517,44,20,840,equal_sequence_mean_metrics_total_counts,0.2658041752425757,3401,135798,0,0.018817994707438987,0.3125,geometry_reid_greedy_guard,135798,135798,official_detector,all_sequences,50,deepocsort,True,196194
67.95142270721477,45.10511650839323,72677,12281,4881,54.360343837545834,64.17182438841735,957,50.126218627951864,123517,46,22,819,equal_sequence_mean_metrics_total_counts,0.2608056453984122,3401,135798,0,0.019994119376653924,0.3235294117647059,geometry_reid_hungarian,135798,135798,official_detector,all_sequences,50,deepocsort,True,196194
67.00430350974733,45.10679268381039,72677,12281,4881,53.91984765086411,63.08515652334443,1370,49.776326938471676,123517,0,0,0,equal_sequence_mean_metrics_total_counts,0.0,3401,135798,0,0.0,,no_refinement,135798,135798,official_detector,all_sequences,50,deepocsort,True,196194
47.9850426993196,29.211411120421843,118476,7845,3325,36.03617387355354,36.71009335183169,4239,26.95797770022758,77718,25,18,24,equal_sequence_mean_metrics_total_counts,0.011579675077773938,5786,85564,1,0.0074317317663325265,0.4186046511627907,aflink_cached_native_dedup,85563,85563,official_detector,all_sequences,50,ocsort,False,196194
47.98284190575427,29.211154420285194,118475,7844,3325,36.03540783063913,36.71004091320032,4239,26.959857348005976,77719,25,18,24,equal_sequence_mean_metrics_total_counts,0.011579675077773938,5786,85564,50,0.0074317317663325265,0.4186046511627907,aflink_cached_native_saved,85563,85563,official_detector,all_sequences,50,ocsort,False,196194
47.9850426993196,29.21112982192676,118476,7846,3325,36.036035873382744,36.71009335183169,4239,26.95753365049401,77718,25,18,24,equal_sequence_mean_metrics_total_counts,0.011579675077773938,5786,85564,1,0.0074317317663325265,0.4186046511627907,aflink_cached_no_dedup,85564,85564,official_detector,all_sequences,50,ocsort,False,196194
47.953885136830124,29.21112982192676,118476,7846,3325,36.02005634074804,36.68569653404391,4240,26.957089600760437,77718,24,18,24,equal_sequence_mean_metrics_total_counts,0.011406844106463879,5786,85564,0,0.007258900795022468,0.42857142857142855,aflink_cached_overlap_safe,85564,85564,official_detector,all_sequences,50,ocsort,True,196194
49.240326489503246,29.207952487358007,118476,7846,3323,36.53185303880642,38.08522975758765,3204,27.69874601054166,77718,173,110,1766,equal_sequence_mean_metrics_total_counts,0.3541306602143104,5786,85564,0,0.04891116488074663,0.38869257950530034,com3d_reciprocal_guard,85564,85564,official_detector,all_sequences,50,ocsort,True,196194
50.03988266383189,29.207054596594425,118476,7846,3323,36.76063067301582,38.66034378646857,2635,28.034721419041926,77718,221,121,2327,equal_sequence_mean_metrics_total_counts,0.46128586242654684,5786,85564,0,0.059108192188040094,0.3538011695906433,controlled_cost_greedy,85564,85564,official_detector,all_sequences,50,ocsort,True,196194
49.75068279425514,29.20779420622215,118476,7846,3323,36.712328789695356,38.551519735987796,2825,27.952456471093424,77718,206,95,1954,equal_sequence_mean_metrics_total_counts,0.3897338403041825,5786,85564,0,0.05202212236432769,0.31561461794019935,controlled_cost_reciprocal,85564,85564,official_detector,all_sequences,50,ocsort,True,196194
49.40353139563374,29.205092726901963,118476,7846,3323,36.50638686926895,38.13725985140249,2959,27.779702242007637,77718,180,189,2393,equal_sequence_mean_metrics_total_counts,0.4773591427583823,5786,85564,0,0.06377462841341168,0.5121951219512195,geometry_greedy,85564,85564,official_detector,all_sequences,50,ocsort,True,196194
50.115808095114815,29.208096921213404,118476,7846,3323,36.79592243817724,38.76435981988647,2585,28.091661078824526,77718,221,120,2330,equal_sequence_mean_metrics_total_counts,0.46163152436916693,5786,85564,0,0.058935361216730035,0.3519061583577713,geometry_reid_greedy_guard,85564,85564,official_detector,all_sequences,50,ocsort,True,196194
49.96778136252241,29.207053545927838,118476,7846,3323,36.770673792906656,38.74189746024476,2668,28.063963991780906,77718,217,109,2298,equal_sequence_mean_metrics_total_counts,0.4535084687175942,5786,85564,0,0.05634289664707916,0.3343558282208589,geometry_reid_hungarian,85564,85564,official_detector,all_sequences,50,ocsort,True,196194
47.62000863859625,29.212513724843383,118476,7846,3325,35.886123700292494,36.46173728923568,4263,26.949922767249664,77718,0,0,0,equal_sequence_mean_metrics_total_counts,0.0,5786,85564,0,0.0,,no_refinement,85564,85564,official_detector,all_sequences,50,ocsort,True,196194
44.879475921874906,46.25189111034419,73375,310,13456,44.30296739452729,47.6979910434447,20025,46.133151568983266,122819,35,64,29,equal_sequence_mean_metrics_total_counts,0.010455807874530305,12242,123132,2,0.008086913902957033,0.6464646464646465,aflink_cached_native_dedup,123129,123129,oracle_aabb,all_sequences,50,bytetrack,False,196194
44.88102234231247,46.25118640498456,73375,310,13456,44.303206536061914,47.6979910434447,20025,46.133151568983266,122819,35,64,29,equal_sequence_mean_metrics_total_counts,0.010455807874530305,12242,123132,50,0.008086913902957033,0.6464646464646465,aflink_cached_native_saved,123129,123129,oracle_aabb,all_sequences,50,bytetrack,False,196194
44.87935941119587,46.25223373106759,73372,310,13455,44.303020532789894,47.698217955176034,20025,46.13359279802213,122822,35,64,29,equal_sequence_mean_metrics_total_counts,0.010455807874530305,12242,123132,2,0.008086913902957033,0.6464646464646465,aflink_cached_no_dedup,123132,123132,oracle_aabb,all_sequences,50,bytetrack,False,196194
44.879375204929865,46.25223373106759,73372,310,13455,44.30302797490076,47.698379417452905,20025,46.13359279802213,122822,35,62,28,equal_sequence_mean_metrics_total_counts,0.010210749877471002,12242,123132,0,0.007923541904917498,0.6391752577319587,aflink_cached_overlap_safe,123132,123132,oracle_aabb,all_sequences,50,bytetrack,True,196194
46.33654084058153,46.24728048751834,73372,310,13455,45.19470819459815,49.71681428353508,17511,47.438017804208414,122822,317,255,3909,equal_sequence_mean_metrics_total_counts,0.3660349616075805,12242,123132,0,0.0467243914393073,0.4458041958041958,com3d_reciprocal_guard,123132,123132,oracle_aabb,all_sequences,50,bytetrack,True,196194
47.3525730110879,46.24195186253286,73372,310,13455,45.826709460497206,51.54147416904981,14929,48.58650076355709,122822,450,566,6132,equal_sequence_mean_metrics_total_counts,0.5838915209933018,12242,123132,0,0.0829929750040843,0.5570866141732284,controlled_cost_greedy,123132,123132,oracle_aabb,all_sequences,50,bytetrack,True,196194
46.686733824410105,46.24604555811039,73372,310,13455,45.40956883157397,50.3000083290276,16710,47.79142783936156,122822,369,281,4226,equal_sequence_mean_metrics_total_counts,0.39830093122038884,12242,123132,0,0.05309589936284921,0.4323076923076923,controlled_cost_reciprocal,123132,123132,oracle_aabb,all_sequences,50,bytetrack,True,196194
46.96597065414651,46.2437894738155,73372,310,13455,45.59671276856722,51.018104083879194,15484,48.320768458456875,122822,409,559,6268,equal_sequence_mean_metrics_total_counts,0.5910798889070413,12242,123132,0,0.07907204705113544,0.5774793388429752,geometry_greedy,123132,123132,oracle_aabb,all_sequences,50,bytetrack,True,196194
47.466184050116524,46.23536898152984,73372,310,13455,45.888524526360634,51.79997447203956,15064,48.51347501730808,122822,504,583,6155,equal_sequence_mean_metrics_total_counts,0.59157000490116,12242,123132,0,0.08879268093448783,0.5363385464581417,geometry_reid_greedy_guard,123132,123132,oracle_aabb,all_sequences,50,bytetrack,True,196194
46.904686752703626,46.243721861087934,73372,310,13455,45.54777299126555,50.78353107074298,16462,47.9480551624101,122822,417,468,5721,equal_sequence_mean_metrics_total_counts,0.5396177095245875,12242,123132,0,0.07229210913249469,0.5288135593220339,geometry_reid_hungarian,123132,123132,oracle_aabb,all_sequences,50,bytetrack,True,196194
44.68986006506537,46.25335948027518,73372,310,13455,44.1960817531848,47.43747380136743,20056,46.124629032135296,122822,0,0,0,equal_sequence_mean_metrics_total_counts,0.0,12242,123132,0,0.0,,no_refinement,123132,123132,oracle_aabb,all_sequences,50,bytetrack,True,196194
82.46680271053323,81.59998042053321,22134,0,2155,81.5366242353033,81.92412700825582,1919,80.29139140615527,174060,45,70,0,equal_sequence_mean_metrics_total_counts,0.03177673390439348,3619,174064,4,0.03177673390439348,0.6086956521739131,aflink_cached_native_dedup,174060,174060,oracle_aabb,all_sequences,50,deepocsort,False,196194
82.46680271053323,81.59998042053321,22134,0,2155,81.5366242353033,81.92412700825582,1919,80.29139140615527,174060,45,70,0,equal_sequence_mean_metrics_total_counts,0.03177673390439348,3619,174064,28,0.03177673390439348,0.6086956521739131,aflink_cached_native_saved,174060,174060,oracle_aabb,all_sequences,50,deepocsort,False,196194
82.46627608621786,81.6009396770247,22130,0,2155,81.53682666288755,81.92412700825582,1919,80.29235071690916,174064,45,70,0,equal_sequence_mean_metrics_total_counts,0.03177673390439348,3619,174064,4,0.03177673390439348,0.6086956521739131,aflink_cached_no_dedup,174064,174064,oracle_aabb,all_sequences,50,deepocsort,False,196194
82.48213458559117,81.6009396770247,22130,0,2155,81.54485723780357,81.93252715746323,1919,80.29235071690916,174064,45,66,0,equal_sequence_mean_metrics_total_counts,0.030671456203371097,3619,174064,0,0.030671456203371097,0.5945945945945946,aflink_cached_overlap_safe,174064,174064,oracle_aabb,all_sequences,50,deepocsort,True,196194
84.53797796291823,81.59961443625225,22130,0,2155,82.59626253428775,83.67010459435745,1377,80.80441868738946,174064,575,371,0,equal_sequence_mean_metrics_total_counts,0.2613981762917933,3619,174064,0,0.2613981762917933,0.39217758985200846,com3d_reciprocal_guard,174064,174064,oracle_aabb,all_sequences,50,deepocsort,True,196194
84.92117463909231,81.59777481616376,22130,0,2155,82.79092364194439,83.96232010864976,1185,80.88851283929907,174064,747,448,0,equal_sequence_mean_metrics_total_counts,0.33020171318043656,3619,174064,0,0.33020171318043656,0.37489539748953976,controlled_cost_greedy,174064,174064,oracle_aabb,all_sequences,50,deepocsort,True,196194
84.98931450535052,81.60083851569897,22130,0,2155,82.82981516437705,84.01956192515274,1242,80.8509038736609,174064,704,287,0,equal_sequence_mean_metrics_total_counts,0.27383255042829513,3619,174064,0,0.27383255042829513,0.289606458123108,controlled_cost_reciprocal,174064,174064,oracle_aabb,all_sequences,50,deepocsort,True,196194
84.52381021823876,81.59909382336268,22130,0,2155,82.58391605328,83.6933549454696,1294,80.85773863919069,174064,628,585,0,equal_sequence_mean_metrics_total_counts,0.3351754628350373,3619,174064,0,0.3351754628350373,0.482275350370981,geometry_greedy,174064,174064,oracle_aabb,all_sequences,50,deepocsort,True,196194
84.98119156832203,81.60091796007326,22130,0,2155,82.82336450858664,83.99334285590943,1149,80.9019466975286,174064,792,411,0,equal_sequence_mean_metrics_total_counts,0.33241226858248135,3619,174064,0,0.33241226858248135,0.341645885286783,geometry_reid_greedy_guard,174064,174064,oracle_aabb,all_sequences,50,deepocsort,True,196194
84.92829381404248,81.60026881092,22130,0,2155,82.79455875979602,84.00150888501939,1174,80.89268790675872,174064,765,418,0,equal_sequence_mean_metrics_total_counts,0.32688588007736946,3619,174064,0,0.32688588007736946,0.3533389687235841,geometry_reid_hungarian,174064,174064,oracle_aabb,all_sequences,50,deepocsort,True,196194
82.06275997135361,81.60219151010966,22130,0,2155,81.32105008043304,81.48609392004403,1962,80.27084974644677,174064,0,0,0,equal_sequence_mean_metrics_total_counts,0.0,3619,174064,0,0.0,,no_refinement,174064,174064,oracle_aabb,all_sequences,50,deepocsort,True,196194
51.883228596350506,40.933215968932885,105739,0,3875,45.118825439394485,43.320981841683164,6082,37.42681740859034,90455,39,28,0,equal_sequence_mean_metrics_total_counts,0.009924455636202045,6751,90458,3,0.009924455636202045,0.417910447761194,aflink_cached_native_dedup,90455,90455,oracle_aabb,all_sequences,50,ocsort,False,196194
51.883228596350506,40.933215968932885,105739,0,3875,45.118825439394485,43.320981841683164,6082,37.42681740859034,90455,39,28,0,equal_sequence_mean_metrics_total_counts,0.009924455636202045,6751,90458,27,0.009924455636202045,0.417910447761194,aflink_cached_native_saved,90455,90455,oracle_aabb,all_sequences,50,ocsort,False,196194
51.88286363778836,40.93420451167579,105736,0,3875,45.119111006214816,43.320981841683164,6082,37.42780620379708,90458,39,28,0,equal_sequence_mean_metrics_total_counts,0.009924455636202045,6751,90458,3,0.009924455636202045,0.417910447761194,aflink_cached_no_dedup,90458,90458,oracle_aabb,all_sequences,50,ocsort,False,196194
51.91934674425183,40.93420451167579,105736,0,3875,45.137819910108526,43.32956772478262,6082,37.42780620379708,90458,39,25,0,equal_sequence_mean_metrics_total_counts,0.009480077025625833,6751,90458,0,0.009480077025625833,0.390625,aflink_cached_overlap_safe,90458,90458,oracle_aabb,all_sequences,50,ocsort,True,196194
53.63882045073404,40.925425846227526,105736,0,3875,45.91677836089798,45.25381478226733,4441,38.54715113826074,90458,1661,899,0,equal_sequence_mean_metrics_total_counts,0.3792030810250333,6751,90458,0,0.3792030810250333,0.351171875,com3d_reciprocal_guard,90458,90458,oracle_aabb,all_sequences,50,ocsort,True,196194
54.40527697911088,40.926235641215946,105736,0,3875,46.2326515621981,46.13763558814354,3501,39.07371459750779,90458,2457,963,0,equal_sequence_mean_metrics_total_counts,0.5065916160568804,6751,90458,0,0.5065916160568804,0.28157894736842104,controlled_cost_greedy,90458,90458,oracle_aabb,all_sequences,50,ocsort,True,196194
54.19719129036984,40.92576493211428,105736,0,3875,46.1573274757975,45.88269382141451,3828,38.91652681066621,90458,2239,602,0,equal_sequence_mean_metrics_total_counts,0.4208265442156717,6751,90458,0,0.4208265442156717,0.21189721928898275,controlled_cost_reciprocal,90458,90458,oracle_aabb,all_sequences,50,ocsort,True,196194
53.68158973569891,40.922380627420836,105736,0,3875,45.9028214082889,45.4071021030388,4122,38.65971456012833,90458,1802,1680,0,equal_sequence_mean_metrics_total_counts,0.5157754406754554,6751,90458,0,0.5157754406754554,0.48248133256748993,geometry_greedy,90458,90458,oracle_aabb,all_sequences,50,ocsort,True,196194
54.549202623218044,40.92710552191485,105736,0,3875,46.30607610319371,46.24969200925806,3481,39.101577990829114,90458,2541,883,0,equal_sequence_mean_metrics_total_counts,0.5071841208709821,6751,90458,0,0.5071841208709821,0.2578855140186916,geometry_reid_greedy_guard,90458,90458,oracle_aabb,all_sequences,50,ocsort,True,196194
54.445377453356286,40.92587822903393,105736,0,3875,46.25781198007123,46.18531957078042,3547,39.110882589738374,90458,2489,856,0,equal_sequence_mean_metrics_total_counts,0.4954821507924752,6751,90458,0,0.4954821507924752,0.25590433482810165,geometry_reid_hungarian,90458,90458,oracle_aabb,all_sequences,50,ocsort,True,196194
51.43059886705896,40.93712164766655,105736,0,3875,44.91677541362014,42.96378760853252,6119,37.41651413877301,90458,0,0,0,equal_sequence_mean_metrics_total_counts,0.0,6751,90458,0,0.0,,no_refinement,90458,90458,oracle_aabb,all_sequences,50,ocsort,True,196194
