AssA,DetA,FN,FP,Frag,HOTA,IDF1,IDSW,MOTA,TP,aggregation,invalid_class_instances,invalid_sequences,method,predicted_boxes,scope,sequence_count,tracker,valid_gt_boxes,valid_output
44.68986006506536,46.25335948027518,73372,310,13455,44.19608175318481,47.43747380136744,20056,46.124629032135296,122822,equal_sequence_mean_metrics_total_counts,0,0,no_refinement,123132,all_sequences,50,bytetrack,196194,True
43.704273895642025,39.40191721777138,13251,96,1745,39.72091773787459,44.10750333133487,2760,40.72706874733229,17415,equal_sequence_mean_metrics_total_counts,0,0,no_refinement,17511,legacy12,12,bytetrack,30666,True
45.00109780277799,48.41697282632901,60121,214,11710,45.60929144223013,48.48904342348299,17296,47.82912175365204,105407,equal_sequence_mean_metrics_total_counts,0,0,no_refinement,105621,confirmation38,38,bytetrack,165528,True
47.46618405011652,46.23536898152984,73372,310,13455,45.888524526360634,51.79997447203956,15064,48.51347501730808,122822,equal_sequence_mean_metrics_total_counts,0,0,geometry_reid_greedy_guard,123132,all_sequences,50,bytetrack,196194,True
45.63043911277313,39.40015283880728,13251,96,1745,40.82772268984126,46.930754523459946,2074,42.200990281382055,17415,equal_sequence_mean_metrics_total_counts,0,0,geometry_reid_greedy_guard,17511,legacy12,12,bytetrack,30666,True
48.04589297769866,48.393858289758015,60121,214,11710,47.48667247473517,53.33762287685418,12990,50.50689124970577,105407,equal_sequence_mean_metrics_total_counts,0,0,geometry_reid_greedy_guard,105621,confirmation38,38,bytetrack,165528,True
46.33654084058152,46.24728048751834,73372,310,13455,45.194708194598135,49.716814283535086,17511,47.4380178042084,122822,equal_sequence_mean_metrics_total_counts,0,0,regr_v1,123132,all_sequences,50,bytetrack,196194,True
45.1520895980297,39.39507648587183,13251,96,1745,40.55488130906746,46.053412860456525,2362,41.60364857720305,17415,equal_sequence_mean_metrics_total_counts,0,0,regr_v1,17511,legacy12,12,bytetrack,30666,True
46.71057807507159,48.411134382775124,60121,214,11710,46.659916684765726,50.87367789082304,15149,49.2804501916838,105407,equal_sequence_mean_metrics_total_counts,0,0,regr_v1,105621,confirmation38,38,bytetrack,165528,True
47.47870977025963,46.23444413617562,73373,311,13455,45.8970078348891,51.85475175322096,15025,48.55146671451999,122821,equal_sequence_mean_metrics_total_counts,0,0,regr_temporal_risk_05,123132,all_sequences,50,bytetrack,196194,True
45.62908872597544,39.40015283880728,13251,96,1745,40.83062482061441,46.91944066198241,2073,42.203091474859946,17415,equal_sequence_mean_metrics_total_counts,0,0,regr_temporal_risk_05,17511,legacy12,12,bytetrack,30666,True
48.06280062634937,48.392641387976134,60122,215,11710,47.49691826044954,53.413271045191046,12952,50.55621679020211,105406,equal_sequence_mean_metrics_total_counts,0,0,regr_temporal_risk_05,105621,confirmation38,38,bytetrack,165528,True
46.94062429741322,46.23866421571469,73373,311,13455,45.59538401075387,51.18322073653796,15195,48.35320599767456,122821,equal_sequence_mean_metrics_total_counts,0,0,regr_t_reliable_motion_min5,123132,all_sequences,50,bytetrack,196194,True
45.235694018649475,39.40015283880728,13251,96,1745,40.63344651266498,46.54870916086221,2086,42.16263435173718,17415,equal_sequence_mean_metrics_total_counts,0,0,regr_t_reliable_motion_min5,17511,legacy12,12,bytetrack,30666,True
47.479023332812304,48.398194124211756,60122,215,11710,47.16231164172931,52.646750707803996,13109,50.30812335954952,105406,equal_sequence_mean_metrics_total_counts,0,0,regr_t_reliable_motion_min5,105621,confirmation38,38,bytetrack,165528,True
51.43059886705896,40.93712164766655,105736,0,3875,44.91677541362014,42.96378760853253,6119,37.416514138773,90458,equal_sequence_mean_metrics_total_counts,0,0,no_refinement,90458,all_sequences,50,ocsort,196194,True
46.35936555343258,36.27189091823542,18180,0,896,39.36660682833956,37.451403971629865,1556,31.661218779644898,12486,equal_sequence_mean_metrics_total_counts,0,0,no_refinement,12486,legacy12,12,ocsort,30666,True
53.03204096609885,42.410352404329004,87556,0,2979,46.669460230024534,44.70454033597546,4563,39.23397583112926,77972,equal_sequence_mean_metrics_total_counts,0,0,no_refinement,77972,confirmation38,38,ocsort,165528,True
54.54920262321805,40.92710552191485,105736,0,3875,46.3060761031937,46.24969200925807,3481,39.10157799082912,90458,equal_sequence_mean_metrics_total_counts,0,0,geometry_reid_greedy_guard,90458,all_sequences,50,ocsort,196194,True
49.873150436788556,36.2755154211475,18180,0,896,41.11340903876948,41.10566707644133,876,33.69496320501011,12486,equal_sequence_mean_metrics_total_counts,0,0,geometry_reid_greedy_guard,12486,legacy12,12,ocsort,30666,True
56.02585068209053,42.39602871163085,87556,0,2979,47.94586570248557,47.87412093541074,2605,40.808930028456174,77972,equal_sequence_mean_metrics_total_counts,0,0,geometry_reid_greedy_guard,77972,confirmation38,38,ocsort,165528,True
53.638820450734045,40.925425846227526,105736,0,3875,45.91677836089797,45.25381478226733,4441,38.547151138260745,90458,equal_sequence_mean_metrics_total_counts,0,0,regr_v1,90458,all_sequences,50,ocsort,196194,True
48.99413074832993,36.27189091823542,18180,0,896,40.64960849973915,40.19148279707926,1063,33.21734998569185,12486,equal_sequence_mean_metrics_total_counts,0,0,regr_v1,12486,legacy12,12,ocsort,30666,True
55.105564567282705,42.394963191909234,87556,0,2979,47.58009515915865,46.85244593548462,3378,40.23024623907196,77972,equal_sequence_mean_metrics_total_counts,0,0,regr_v1,77972,confirmation38,38,ocsort,165528,True
54.538195383733125,40.92710552191485,105736,0,3875,46.29996797985158,46.24457728688585,3487,39.10441552552306,90458,equal_sequence_mean_metrics_total_counts,0,0,regr_temporal_risk_05,90458,all_sequences,50,ocsort,196194,True
49.86934087449808,36.2755154211475,18180,0,896,41.11055360359729,41.13070620007199,875,33.697064398488,12486,equal_sequence_mean_metrics_total_counts,0,0,regr_temporal_risk_05,12486,legacy12,12,ocsort,30666,True
56.012570491912605,42.39602871163085,87556,0,2979,47.9387304144582,47.85948394587971,2612,40.812000091955184,77972,equal_sequence_mean_metrics_total_counts,0,0,regr_temporal_risk_05,77972,confirmation38,38,ocsort,165528,True
53.88954143967546,40.92710552191485,105736,0,3875,46.04549146580474,45.896215346660995,3603,39.047842251520755,90458,equal_sequence_mean_metrics_total_counts,0,0,regr_t_reliable_motion_min5,90458,all_sequences,50,ocsort,196194,True
49.32429118217427,36.2755154211475,18180,0,896,40.82263482846624,40.739561999709146,896,33.64585113524037,12486,equal_sequence_mean_metrics_total_counts,0,0,regr_t_reliable_motion_min5,12486,legacy12,12,ocsort,30666,True
55.331199415728456,42.39602871163085,87556,0,2979,47.69481461443795,47.52463219306683,2707,40.75373418297773,77972,equal_sequence_mean_metrics_total_counts,0,0,regr_t_reliable_motion_min5,77972,confirmation38,38,ocsort,165528,True
82.06275997135361,81.60219151010966,22130,0,2155,81.32105008043304,81.48609392004401,1962,80.27084974644677,174064,equal_sequence_mean_metrics_total_counts,0,0,no_refinement,174064,all_sequences,50,deepocsort,196194,True
76.32327232979347,67.1069007003687,3851,0,283,70.34791554866588,69.83953537220113,286,65.22753948570173,26815,equal_sequence_mean_metrics_total_counts,0,0,no_refinement,26815,legacy12,12,deepocsort,30666,True
83.87522975289892,86.17965176581731,18279,0,1872,84.78625045888583,85.16395451409967,1676,85.02136877615574,147249,equal_sequence_mean_metrics_total_counts,0,0,no_refinement,147249,confirmation38,38,deepocsort,165528,True
84.98119156832203,81.60091796007326,22130,0,2155,82.82336450858664,83.99334285590943,1149,80.9019466975286,174064,equal_sequence_mean_metrics_total_counts,0,0,geometry_reid_greedy_guard,174064,all_sequences,50,deepocsort,196194,True
79.01135829558963,67.1069007003687,3851,0,283,71.72361558589044,71.93475283771649,144,66.0310023949668,26815,equal_sequence_mean_metrics_total_counts,0,0,geometry_reid_greedy_guard,26815,legacy12,12,deepocsort,30666,True
86.86640207550066,86.1779760420852,18279,0,1872,86.32854837891175,87.80131865112826,1005,85.59803437202181,147249,equal_sequence_mean_metrics_total_counts,0,0,geometry_reid_greedy_guard,147249,confirmation38,38,deepocsort,165528,True
84.53797796291823,81.59961443625225,22130,0,2155,82.59626253428775,83.67010459435745,1377,80.80441868738944,174064,equal_sequence_mean_metrics_total_counts,0,0,regr_v1,174064,all_sequences,50,deepocsort,196194,True
78.76146431439845,67.1069007003687,3851,0,283,71.59961755341676,71.68416994091179,167,65.94318155613212,26815,equal_sequence_mean_metrics_total_counts,0,0,regr_v1,26815,legacy12,12,deepocsort,30666,True
86.36214016771397,86.17626087916285,18279,0,1872,86.0688872650891,87.4551365901824,1210,85.49744093936545,147249,equal_sequence_mean_metrics_total_counts,0,0,regr_v1,147249,confirmation38,38,deepocsort,165528,True
84.96249529705482,81.60041064507907,22130,0,2155,82.8135952403703,83.98424386561514,1138,80.90469241903016,174064,equal_sequence_mean_metrics_total_counts,0,0,regr_temporal_risk_05,174064,all_sequences,50,deepocsort,196194,True
78.98106078092852,67.1069007003687,3851,0,283,71.70829364925245,71.92162172354146,144,66.0310023949668,26815,equal_sequence_mean_metrics_total_counts,0,0,regr_temporal_risk_05,26815,legacy12,12,deepocsort,30666,True
86.8513693547789,86.17730852235603,18279,0,1872,86.32053258493382,87.79349296311209,994,85.60164716347121,147249,equal_sequence_mean_metrics_total_counts,0,0,regr_temporal_risk_05,147249,confirmation38,38,deepocsort,165528,True
84.80043133413436,81.60041064507907,22130,0,2155,82.73405400034834,83.84805012605831,1165,80.88106303134904,174064,equal_sequence_mean_metrics_total_counts,0,0,regr_t_reliable_motion_min5,174064,all_sequences,50,deepocsort,196194,True
78.9753578123515,67.1069007003687,3851,0,283,71.69781733278175,71.86903558243152,147,66.02508876920811,26815,equal_sequence_mean_metrics_total_counts,0,0,regr_t_reliable_motion_min5,26815,legacy12,12,deepocsort,30666,True
86.63992823574999,86.17730852235603,18279,0,1872,86.21918136905359,87.63089682404575,1018,85.5724233246567,147249,equal_sequence_mean_metrics_total_counts,0,0,regr_t_reliable_motion_min5,147249,confirmation38,38,deepocsort,165528,True
