accepted_correct,accepted_false,accepted_link_error_rate,accepted_link_precision,accepted_unknown,all_accepted_coverage,eligible_source_tracklets,known_link_coverage,method,parameter,scope,threshold,tracker,valid_output
41,4,0.08888888888888889,0.9111111111111111,211,0.128,2000,0.0225,com3d_reciprocal_guard,appearance_cosine,legacy12,0.05,bytetrack,True
52,19,0.2676056338028169,0.7323943661971831,421,0.246,2000,0.0355,com3d_reciprocal_guard,appearance_cosine,legacy12,0.1,bytetrack,True
57,31,0.3522727272727273,0.6477272727272727,516,0.302,2000,0.044,com3d_reciprocal_guard,appearance_cosine,legacy12,0.15,bytetrack,True
57,42,0.42424242424242425,0.5757575757575758,559,0.329,2000,0.0495,com3d_reciprocal_guard,appearance_cosine,legacy12,0.2,bytetrack,True
58,46,0.4423076923076923,0.5576923076923077,587,0.3455,2000,0.052,com3d_reciprocal_guard,appearance_cosine,legacy12,0.25,bytetrack,True
57,46,0.44660194174757284,0.5533980582524272,585,0.344,2000,0.0515,com3d_reciprocal_guard,appearance_cosine,legacy12,0.3,bytetrack,True
41,4,0.08888888888888889,0.9111111111111111,216,0.1305,2000,0.0225,geometry_reid_hungarian,appearance_cosine,legacy12,0.05,bytetrack,True
55,22,0.2857142857142857,0.7142857142857143,461,0.269,2000,0.0385,geometry_reid_hungarian,appearance_cosine,legacy12,0.1,bytetrack,True
64,34,0.3469387755102041,0.6530612244897959,600,0.349,2000,0.049,geometry_reid_hungarian,appearance_cosine,legacy12,0.15,bytetrack,True
64,53,0.452991452991453,0.5470085470085471,672,0.3945,2000,0.0585,geometry_reid_hungarian,appearance_cosine,legacy12,0.2,bytetrack,True
66,59,0.472,0.528,717,0.421,2000,0.0625,geometry_reid_hungarian,appearance_cosine,legacy12,0.25,bytetrack,True
66,59,0.472,0.528,737,0.431,2000,0.0625,geometry_reid_hungarian,appearance_cosine,legacy12,0.3,bytetrack,True
1,0,0.0,1.0,0,0.0005,2000,0.0005,aflink_official,aflink_cost,legacy12,0.01,bytetrack,True
2,2,0.5,0.5,0,0.002,2000,0.002,aflink_official,aflink_cost,legacy12,0.025,bytetrack,True
2,8,0.8,0.2,0,0.005,2000,0.005,aflink_official,aflink_cost,legacy12,0.05,bytetrack,True
4,16,0.8,0.2,5,0.0125,2000,0.01,aflink_official,aflink_cost,legacy12,0.1,bytetrack,False
5,29,0.8529411764705882,0.14705882352941177,10,0.022,2000,0.017,aflink_official,aflink_cost,legacy12,0.2,bytetrack,False
12,43,0.7818181818181819,0.21818181818181817,27,0.041,2000,0.0275,aflink_official,aflink_cost,legacy12,0.4,bytetrack,False
352,13,0.03561643835616438,0.9643835616438357,0,0.23145212428662015,1577,0.23145212428662015,com3d_reciprocal_guard,appearance_cosine,legacy12,0.05,ocsort,True
514,57,0.09982486865148861,0.9001751313485113,0,0.36207989854153455,1577,0.36207989854153455,com3d_reciprocal_guard,appearance_cosine,legacy12,0.1,ocsort,True
534,106,0.165625,0.834375,0,0.40583386176284086,1577,0.40583386176284086,com3d_reciprocal_guard,appearance_cosine,legacy12,0.15,ocsort,True
525,142,0.2128935532233883,0.7871064467766117,0,0.4229549778059607,1577,0.4229549778059607,com3d_reciprocal_guard,appearance_cosine,legacy12,0.2,ocsort,True
509,178,0.2590975254730713,0.7409024745269287,0,0.43563728598604945,1577,0.43563728598604945,com3d_reciprocal_guard,appearance_cosine,legacy12,0.25,ocsort,True
478,204,0.2991202346041056,0.7008797653958945,0,0.4324667089410273,1577,0.4324667089410273,com3d_reciprocal_guard,appearance_cosine,legacy12,0.3,ocsort,True
361,12,0.032171581769437,0.967828418230563,0,0.23652504755865567,1577,0.23652504755865567,geometry_reid_hungarian,appearance_cosine,legacy12,0.05,ocsort,True
556,48,0.07947019867549669,0.9205298013245033,0,0.38300570703868103,1577,0.38300570703868103,geometry_reid_hungarian,appearance_cosine,legacy12,0.1,ocsort,True
629,80,0.11283497884344147,0.8871650211565585,0,0.4495878249841471,1577,0.4495878249841471,geometry_reid_hungarian,appearance_cosine,legacy12,0.15,ocsort,True
656,110,0.14360313315926893,0.856396866840731,0,0.48573240329740014,1577,0.48573240329740014,geometry_reid_hungarian,appearance_cosine,legacy12,0.2,ocsort,True
667,134,0.16729088639200998,0.83270911360799,0,0.5079264426125555,1577,0.5079264426125555,geometry_reid_hungarian,appearance_cosine,legacy12,0.25,ocsort,True
671,157,0.18961352657004832,0.8103864734299517,0,0.5250475586556753,1577,0.5250475586556753,geometry_reid_hungarian,appearance_cosine,legacy12,0.3,ocsort,True
1,0,0.0,1.0,0,0.0006341154090044388,1577,0.0006341154090044388,aflink_official,aflink_cost,legacy12,0.01,ocsort,True
1,0,0.0,1.0,0,0.0006341154090044388,1577,0.0006341154090044388,aflink_official,aflink_cost,legacy12,0.025,ocsort,True
1,5,0.8333333333333334,0.16666666666666666,0,0.003804692454026633,1577,0.003804692454026633,aflink_official,aflink_cost,legacy12,0.05,ocsort,True
3,8,0.7272727272727273,0.2727272727272727,0,0.006975269499048827,1577,0.006975269499048827,aflink_official,aflink_cost,legacy12,0.1,ocsort,True
11,19,0.6333333333333333,0.36666666666666664,0,0.019023462270133164,1577,0.019023462270133164,aflink_official,aflink_cost,legacy12,0.2,ocsort,False
20,38,0.6551724137931034,0.3448275862068966,0,0.03677869372225745,1577,0.03677869372225745,aflink_official,aflink_cost,legacy12,0.4,ocsort,False
52,4,0.07142857142857142,0.9285714285714286,0,0.09032258064516129,620,0.09032258064516129,com3d_reciprocal_guard,appearance_cosine,legacy12,0.05,deepocsort,True
97,12,0.11009174311926606,0.8899082568807339,0,0.17580645161290323,620,0.17580645161290323,com3d_reciprocal_guard,appearance_cosine,legacy12,0.1,deepocsort,True
117,12,0.09302325581395349,0.9069767441860465,0,0.20806451612903226,620,0.20806451612903226,com3d_reciprocal_guard,appearance_cosine,legacy12,0.15,deepocsort,True
126,15,0.10638297872340426,0.8936170212765957,0,0.22741935483870968,620,0.22741935483870968,com3d_reciprocal_guard,appearance_cosine,legacy12,0.2,deepocsort,True
125,20,0.13793103448275862,0.8620689655172413,0,0.23387096774193547,620,0.23387096774193547,com3d_reciprocal_guard,appearance_cosine,legacy12,0.25,deepocsort,True
121,29,0.19333333333333333,0.8066666666666666,0,0.24193548387096775,620,0.24193548387096775,com3d_reciprocal_guard,appearance_cosine,legacy12,0.3,deepocsort,True
52,4,0.07142857142857142,0.9285714285714286,0,0.09032258064516129,620,0.09032258064516129,geometry_reid_hungarian,appearance_cosine,legacy12,0.05,deepocsort,True
100,12,0.10714285714285714,0.8928571428571429,0,0.18064516129032257,620,0.18064516129032257,geometry_reid_hungarian,appearance_cosine,legacy12,0.1,deepocsort,True
124,13,0.0948905109489051,0.9051094890510949,0,0.22096774193548388,620,0.22096774193548388,geometry_reid_hungarian,appearance_cosine,legacy12,0.15,deepocsort,True
136,15,0.09933774834437085,0.9006622516556292,0,0.2435483870967742,620,0.2435483870967742,geometry_reid_hungarian,appearance_cosine,legacy12,0.2,deepocsort,True
141,18,0.11320754716981132,0.8867924528301887,0,0.2564516129032258,620,0.2564516129032258,geometry_reid_hungarian,appearance_cosine,legacy12,0.25,deepocsort,True
144,23,0.1377245508982036,0.8622754491017964,0,0.2693548387096774,620,0.2693548387096774,geometry_reid_hungarian,appearance_cosine,legacy12,0.3,deepocsort,True
0,0,,,0,0.0,620,0.0,aflink_official,aflink_cost,legacy12,0.01,deepocsort,True
0,1,1.0,0.0,0,0.0016129032258064516,620,0.0016129032258064516,aflink_official,aflink_cost,legacy12,0.025,deepocsort,True
1,3,0.75,0.25,0,0.0064516129032258064,620,0.0064516129032258064,aflink_official,aflink_cost,legacy12,0.05,deepocsort,False
4,4,0.5,0.5,0,0.012903225806451613,620,0.012903225806451613,aflink_official,aflink_cost,legacy12,0.1,deepocsort,False
8,7,0.4666666666666667,0.5333333333333333,0,0.024193548387096774,620,0.024193548387096774,aflink_official,aflink_cost,legacy12,0.2,deepocsort,False
18,13,0.41935483870967744,0.5806451612903226,0,0.05,620,0.05,aflink_official,aflink_cost,legacy12,0.4,deepocsort,False
188,117,0.3836065573770492,0.6163934426229508,1877,0.21304432727982817,10242,0.02977933997266159,com3d_reciprocal_guard,appearance_cosine,confirmation38,0.05,bytetrack,True
260,171,0.39675174013921116,0.6032482598607889,2827,0.3181019332161687,10242,0.04208162468267916,com3d_reciprocal_guard,appearance_cosine,confirmation38,0.1,bytetrack,True
271,187,0.40829694323144106,0.5917030567685589,3123,0.34963874243311854,10242,0.0447178285491115,com3d_reciprocal_guard,appearance_cosine,confirmation38,0.15,bytetrack,True
267,196,0.42332613390928725,0.5766738660907127,3237,0.3612575668814685,10242,0.04520601445030267,com3d_reciprocal_guard,appearance_cosine,confirmation38,0.2,bytetrack,True
262,203,0.43655913978494626,0.5634408602150538,3294,0.3670181605155243,10242,0.04540128881077914,com3d_reciprocal_guard,appearance_cosine,confirmation38,0.25,bytetrack,True
260,209,0.44562899786780386,0.5543710021321961,3324,0.3703378246436243,10242,0.045791837531732084,com3d_reciprocal_guard,appearance_cosine,confirmation38,0.3,bytetrack,True
215,179,0.4543147208121827,0.5456852791878173,2247,0.2578597930091779,10242,0.03846904901386448,geometry_reid_hungarian,appearance_cosine,confirmation38,0.05,bytetrack,True
309,332,0.5179407176287052,0.48205928237129486,3830,0.4365358328451474,10242,0.06258543253270846,geometry_reid_hungarian,appearance_cosine,confirmation38,0.1,bytetrack,True
343,381,0.5262430939226519,0.47375690607734805,4465,0.5066393282562,10242,0.07068931849248193,geometry_reid_hungarian,appearance_cosine,confirmation38,0.15,bytetrack,True
352,393,0.5275167785234899,0.47248322147651006,4744,0.5359304823276704,10242,0.07273969927748486,geometry_reid_hungarian,appearance_cosine,confirmation38,0.2,bytetrack,True
348,405,0.5378486055776892,0.46215139442231074,4896,0.5515524311657879,10242,0.07352079671939074,geometry_reid_hungarian,appearance_cosine,confirmation38,0.25,bytetrack,True
351,409,0.5381578947368421,0.4618421052631579,4984,0.5608279632884202,10242,0.07420425698105838,geometry_reid_hungarian,appearance_cosine,confirmation38,0.3,bytetrack,True
12,11,0.4782608695652174,0.5217391304347826,0,0.0022456551454793985,10242,0.0022456551454793985,aflink_official,aflink_cost,confirmation38,0.01,bytetrack,True
19,25,0.5681818181818182,0.4318181818181818,4,0.0046865846514352666,10242,0.004296035930482328,aflink_official,aflink_cost,confirmation38,0.025,bytetrack,False
33,56,0.6292134831460674,0.3707865168539326,29,0.011521187268111696,10242,0.00868970904120289,aflink_official,aflink_cost,confirmation38,0.05,bytetrack,False
57,89,0.6095890410958904,0.3904109589041096,90,0.023042374536223393,10242,0.01425502831478227,aflink_official,aflink_cost,confirmation38,0.1,bytetrack,False
89,148,0.6244725738396625,0.3755274261603376,161,0.03885959773481742,10242,0.023140011716461628,aflink_official,aflink_cost,confirmation38,0.2,bytetrack,False
128,222,0.6342857142857142,0.3657142857142857,335,0.06688146846319078,10242,0.03417301308338215,aflink_official,aflink_cost,confirmation38,0.4,bytetrack,False
1062,150,0.12376237623762376,0.8762376237623762,0,0.2342481638964051,5174,0.2342481638964051,com3d_reciprocal_guard,appearance_cosine,confirmation38,0.05,ocsort,True
1388,324,0.18925233644859812,0.8107476635514018,0,0.33088519520680326,5174,0.33088519520680326,com3d_reciprocal_guard,appearance_cosine,confirmation38,0.1,ocsort,True
1361,450,0.2484815019326339,0.7515184980673661,0,0.35001932740626207,5174,0.35001932740626207,com3d_reciprocal_guard,appearance_cosine,confirmation38,0.15,ocsort,True
1299,559,0.3008611410118407,0.6991388589881593,0,0.3591032083494395,5174,0.3591032083494395,com3d_reciprocal_guard,appearance_cosine,confirmation38,0.2,ocsort,True
1241,629,0.33636363636363636,0.6636363636363637,0,0.3614224971008891,5174,0.3614224971008891,com3d_reciprocal_guard,appearance_cosine,confirmation38,0.25,ocsort,True
1183,695,0.37007454739084134,0.6299254526091587,0,0.3629686896018554,5174,0.3629686896018554,com3d_reciprocal_guard,appearance_cosine,confirmation38,0.3,ocsort,True
1163,200,0.1467351430667645,0.8532648569332355,0,0.26343254735214533,5174,0.26343254735214533,geometry_reid_hungarian,appearance_cosine,confirmation38,0.05,ocsort,True
1625,376,0.18790604697651175,0.8120939530234883,0,0.38674139930421336,5174,0.38674139930421336,geometry_reid_hungarian,appearance_cosine,confirmation38,0.1,ocsort,True
1750,501,0.22256774766770324,0.7774322523322967,0,0.43505991495941243,5174,0.43505991495941243,geometry_reid_hungarian,appearance_cosine,confirmation38,0.15,ocsort,True
1792,594,0.24895222129086336,0.7510477787091366,0,0.4611519134132199,5174,0.4611519134132199,geometry_reid_hungarian,appearance_cosine,confirmation38,0.2,ocsort,True
1805,661,0.2680454176804542,0.7319545823195458,0,0.47661383842288363,5174,0.47661383842288363,geometry_reid_hungarian,appearance_cosine,confirmation38,0.25,ocsort,True
1818,699,0.27771156138259834,0.7222884386174017,0,0.48647081561654426,5174,0.48647081561654426,geometry_reid_hungarian,appearance_cosine,confirmation38,0.3,ocsort,True
15,4,0.21052631578947367,0.7894736842105263,0,0.0036722071897951295,5174,0.0036722071897951295,aflink_official,aflink_cost,confirmation38,0.01,ocsort,False
21,9,0.3,0.7,0,0.005798221878623889,5174,0.005798221878623889,aflink_official,aflink_cost,confirmation38,0.025,ocsort,False
38,23,0.3770491803278688,0.6229508196721312,0,0.011789717819868574,5174,0.011789717819868574,aflink_official,aflink_cost,confirmation38,0.05,ocsort,False
64,57,0.47107438016528924,0.5289256198347108,0,0.02338616157711635,5174,0.02338616157711635,aflink_official,aflink_cost,confirmation38,0.1,ocsort,False
95,90,0.4864864864864865,0.5135135135135135,0,0.03575570158484731,5174,0.03575570158484731,aflink_official,aflink_cost,confirmation38,0.2,ocsort,False
148,156,0.5131578947368421,0.4868421052631579,0,0.05875531503672207,5174,0.05875531503672207,aflink_official,aflink_cost,confirmation38,0.4,ocsort,False
293,108,0.26932668329177056,0.7306733167082294,0,0.13371123707902635,2999,0.13371123707902635,com3d_reciprocal_guard,appearance_cosine,confirmation38,0.05,deepocsort,True
438,189,0.3014354066985646,0.6985645933014354,0,0.20906968989663222,2999,0.20906968989663222,com3d_reciprocal_guard,appearance_cosine,confirmation38,0.1,deepocsort,True
463,266,0.36488340192043894,0.635116598079561,0,0.243081027009003,2999,0.243081027009003,com3d_reciprocal_guard,appearance_cosine,confirmation38,0.15,deepocsort,True
471,294,0.3843137254901961,0.615686274509804,0,0.2550850283427809,2999,0.2550850283427809,com3d_reciprocal_guard,appearance_cosine,confirmation38,0.2,deepocsort,True
460,330,0.4177215189873418,0.5822784810126582,0,0.2634211403801267,2999,0.2634211403801267,com3d_reciprocal_guard,appearance_cosine,confirmation38,0.25,deepocsort,True
454,342,0.4296482412060301,0.5703517587939698,0,0.2654218072690897,2999,0.2654218072690897,com3d_reciprocal_guard,appearance_cosine,confirmation38,0.3,deepocsort,True
322,115,0.2631578947368421,0.7368421052631579,0,0.14571523841280426,2999,0.14571523841280426,geometry_reid_hungarian,appearance_cosine,confirmation38,0.05,deepocsort,True
500,233,0.3178717598908595,0.6821282401091405,0,0.24441480493497833,2999,0.24441480493497833,geometry_reid_hungarian,appearance_cosine,confirmation38,0.1,deepocsort,True
572,320,0.35874439461883406,0.6412556053811659,0,0.2974324774924975,2999,0.2974324774924975,geometry_reid_hungarian,appearance_cosine,confirmation38,0.15,deepocsort,True
595,359,0.37631027253668764,0.6236897274633124,0,0.31810603534511506,2999,0.31810603534511506,geometry_reid_hungarian,appearance_cosine,confirmation38,0.2,deepocsort,True
616,384,0.384,0.616,0,0.33344448149383127,2999,0.33344448149383127,geometry_reid_hungarian,appearance_cosine,confirmation38,0.25,deepocsort,True
621,395,0.3887795275590551,0.6112204724409449,0,0.3387795931977326,2999,0.3387795931977326,geometry_reid_hungarian,appearance_cosine,confirmation38,0.3,deepocsort,True
17,23,0.575,0.425,0,0.013337779259753251,2999,0.013337779259753251,aflink_official,aflink_cost,confirmation38,0.01,deepocsort,True
27,39,0.5909090909090909,0.4090909090909091,0,0.022007335778592863,2999,0.022007335778592863,aflink_official,aflink_cost,confirmation38,0.025,deepocsort,False
44,67,0.6036036036036037,0.3963963963963964,0,0.03701233744581527,2999,0.03701233744581527,aflink_official,aflink_cost,confirmation38,0.05,deepocsort,False
64,120,0.6521739130434783,0.34782608695652173,0,0.06135378459486496,2999,0.06135378459486496,aflink_official,aflink_cost,confirmation38,0.1,deepocsort,False
95,190,0.6666666666666666,0.3333333333333333,0,0.09503167722574192,2999,0.09503167722574192,aflink_official,aflink_cost,confirmation38,0.2,deepocsort,False
148,307,0.6747252747252748,0.3252747252747253,0,0.15171723907969323,2999,0.15171723907969323,aflink_official,aflink_cost,confirmation38,0.4,deepocsort,False
229,121,0.3457142857142857,0.6542857142857142,2088,0.19915046561019442,12242,0.028590099656918805,com3d_reciprocal_guard,appearance_cosine,all_sequences,0.05,bytetrack,True
312,190,0.3784860557768924,0.6215139442231076,3248,0.30632249632413006,12242,0.04100637150792354,com3d_reciprocal_guard,appearance_cosine,all_sequences,0.1,bytetrack,True
328,218,0.3992673992673993,0.6007326007326007,3639,0.34185590589772913,12242,0.044600555464793336,com3d_reciprocal_guard,appearance_cosine,all_sequences,0.15,bytetrack,True
324,238,0.4234875444839858,0.5765124555160143,3796,0.355987583728149,12242,0.045907531449109626,com3d_reciprocal_guard,appearance_cosine,all_sequences,0.2,bytetrack,True
320,249,0.437609841827768,0.562390158172232,3881,0.36350269563796767,12242,0.046479333442248,com3d_reciprocal_guard,appearance_cosine,all_sequences,0.25,bytetrack,True
317,255,0.4458041958041958,0.5541958041958042,3909,0.3660349616075805,12242,0.0467243914393073,com3d_reciprocal_guard,appearance_cosine,all_sequences,0.3,bytetrack,True
256,183,0.4168564920273349,0.5831435079726651,2463,0.23705276915536677,12242,0.03586015356967816,geometry_reid_hungarian,appearance_cosine,all_sequences,0.05,bytetrack,True
364,354,0.49303621169916434,0.5069637883008357,4291,0.409165169090018,12242,0.058650547296193435,geometry_reid_hungarian,appearance_cosine,all_sequences,0.1,bytetrack,True
407,415,0.5048661800486618,0.4951338199513382,5065,0.4808854762293743,12242,0.06714589119424931,geometry_reid_hungarian,appearance_cosine,all_sequences,0.15,bytetrack,True
416,446,0.5174013921113689,0.48259860788863107,5416,0.5128247018461036,12242,0.07041333115504003,geometry_reid_hungarian,appearance_cosine,all_sequences,0.2,bytetrack,True
414,464,0.5284738041002278,0.4715261958997722,5613,0.5302238196373141,12242,0.07172030713935632,geometry_reid_hungarian,appearance_cosine,all_sequences,0.25,bytetrack,True
417,468,0.5288135593220339,0.4711864406779661,5721,0.5396177095245875,12242,0.07229210913249469,geometry_reid_hungarian,appearance_cosine,all_sequences,0.3,bytetrack,True
13,11,0.4583333333333333,0.5416666666666666,0,0.001960463976474432,12242,0.001960463976474432,aflink_official,aflink_cost,all_sequences,0.01,bytetrack,True
21,27,0.5625,0.4375,4,0.004247671949027937,12242,0.003920927952948864,aflink_official,aflink_cost,all_sequences,0.025,bytetrack,False
35,64,0.6464646464646465,0.35353535353535354,29,0.010455807874530305,12242,0.008086913902957033,aflink_official,aflink_cost,all_sequences,0.05,bytetrack,False
61,105,0.6325301204819277,0.3674698795180723,95,0.021320045744159452,12242,0.01355987583728149,aflink_official,aflink_cost,all_sequences,0.1,bytetrack,False
94,177,0.6531365313653137,0.34686346863468637,171,0.03610521156673746,12242,0.022136905734357133,aflink_official,aflink_cost,all_sequences,0.2,bytetrack,False
140,265,0.654320987654321,0.345679012345679,362,0.06265316124816206,12242,0.03308282960300604,aflink_official,aflink_cost,all_sequences,0.4,bytetrack,False
1414,163,0.10336081166772353,0.8966391883322765,0,0.23359502295956155,6751,0.23359502295956155,com3d_reciprocal_guard,appearance_cosine,all_sequences,0.05,ocsort,True
1902,381,0.16688567674113008,0.8331143232588699,0,0.3381721226484965,6751,0.3381721226484965,com3d_reciprocal_guard,appearance_cosine,all_sequences,0.1,ocsort,True
1895,556,0.22684618523051817,0.7731538147694819,0,0.3630573248407643,6751,0.3630573248407643,com3d_reciprocal_guard,appearance_cosine,all_sequences,0.15,ocsort,True
1824,701,0.27762376237623765,0.7223762376237624,0,0.3740186639016442,6751,0.3740186639016442,com3d_reciprocal_guard,appearance_cosine,all_sequences,0.2,ocsort,True
1750,807,0.315604223699648,0.684395776300352,0,0.37875870241445714,6751,0.37875870241445714,com3d_reciprocal_guard,appearance_cosine,all_sequences,0.25,ocsort,True
1661,899,0.351171875,0.648828125,0,0.3792030810250333,6751,0.3792030810250333,com3d_reciprocal_guard,appearance_cosine,all_sequences,0.3,ocsort,True
1524,212,0.12211981566820276,0.8778801843317973,0,0.2571470893201007,6751,0.2571470893201007,geometry_reid_hungarian,appearance_cosine,all_sequences,0.05,ocsort,True
2181,424,0.16276391554702496,0.837236084452975,0,0.3858687601836765,6751,0.3858687601836765,geometry_reid_hungarian,appearance_cosine,all_sequences,0.1,ocsort,True
2379,581,0.19628378378378378,0.8037162162162163,0,0.4384535624351948,6751,0.4384535624351948,geometry_reid_hungarian,appearance_cosine,all_sequences,0.15,ocsort,True
2448,704,0.2233502538071066,0.7766497461928934,0,0.4668937935120723,6751,0.4668937935120723,geometry_reid_hungarian,appearance_cosine,all_sequences,0.2,ocsort,True
2472,795,0.2433425160697888,0.7566574839302111,0,0.4839283069174937,6751,0.4839283069174937,geometry_reid_hungarian,appearance_cosine,all_sequences,0.25,ocsort,True
2489,856,0.25590433482810165,0.7440956651718984,0,0.4954821507924752,6751,0.4954821507924752,geometry_reid_hungarian,appearance_cosine,all_sequences,0.3,ocsort,True
16,4,0.2,0.8,0,0.0029625240705080727,6751,0.0029625240705080727,aflink_official,aflink_cost,all_sequences,0.01,ocsort,False
22,9,0.2903225806451613,0.7096774193548387,0,0.004591912309287513,6751,0.004591912309287513,aflink_official,aflink_cost,all_sequences,0.025,ocsort,False
39,28,0.417910447761194,0.582089552238806,0,0.009924455636202045,6751,0.009924455636202045,aflink_official,aflink_cost,all_sequences,0.05,ocsort,False
67,65,0.49242424242424243,0.5075757575757576,0,0.019552658865353283,6751,0.019552658865353283,aflink_official,aflink_cost,all_sequences,0.1,ocsort,False
106,109,0.5069767441860465,0.4930232558139535,0,0.03184713375796178,6751,0.03184713375796178,aflink_official,aflink_cost,all_sequences,0.2,ocsort,False
168,194,0.5359116022099447,0.46408839779005523,0,0.05362168567619612,6751,0.05362168567619612,aflink_official,aflink_cost,all_sequences,0.4,ocsort,False
345,112,0.24507658643326038,0.7549234135667396,0,0.12627797734180712,3619,0.12627797734180712,com3d_reciprocal_guard,appearance_cosine,all_sequences,0.05,deepocsort,True
535,201,0.27309782608695654,0.7269021739130435,0,0.20337109698811826,3619,0.20337109698811826,com3d_reciprocal_guard,appearance_cosine,all_sequences,0.1,deepocsort,True
580,278,0.32400932400932403,0.675990675990676,0,0.23708206686930092,3619,0.23708206686930092,com3d_reciprocal_guard,appearance_cosine,all_sequences,0.15,deepocsort,True
597,309,0.34105960264900664,0.6589403973509934,0,0.2503453992815695,3619,0.2503453992815695,com3d_reciprocal_guard,appearance_cosine,all_sequences,0.2,deepocsort,True
585,350,0.37433155080213903,0.6256684491978609,0,0.25835866261398177,3619,0.25835866261398177,com3d_reciprocal_guard,appearance_cosine,all_sequences,0.25,deepocsort,True
575,371,0.39217758985200846,0.6078224101479915,0,0.2613981762917933,3619,0.2613981762917933,com3d_reciprocal_guard,appearance_cosine,all_sequences,0.3,deepocsort,True
374,119,0.2413793103448276,0.7586206896551724,0,0.13622547665100856,3619,0.13622547665100856,geometry_reid_hungarian,appearance_cosine,all_sequences,0.05,deepocsort,True
600,245,0.28994082840236685,0.7100591715976331,0,0.23348991434097818,3619,0.23348991434097818,geometry_reid_hungarian,appearance_cosine,all_sequences,0.1,deepocsort,True
696,333,0.3236151603498542,0.6763848396501457,0,0.28433268858800775,3619,0.28433268858800775,geometry_reid_hungarian,appearance_cosine,all_sequences,0.15,deepocsort,True
731,374,0.3384615384615385,0.6615384615384615,0,0.305332964907433,3619,0.305332964907433,geometry_reid_hungarian,appearance_cosine,all_sequences,0.2,deepocsort,True
757,402,0.3468507333908542,0.6531492666091459,0,0.32025421387123515,3619,0.32025421387123515,geometry_reid_hungarian,appearance_cosine,all_sequences,0.25,deepocsort,True
765,418,0.3533389687235841,0.6466610312764159,0,0.32688588007736946,3619,0.32688588007736946,geometry_reid_hungarian,appearance_cosine,all_sequences,0.3,deepocsort,True
17,23,0.575,0.425,0,0.011052777010223818,3619,0.011052777010223818,aflink_official,aflink_cost,all_sequences,0.01,deepocsort,True
27,40,0.5970149253731343,0.40298507462686567,0,0.018513401492124895,3619,0.018513401492124895,aflink_official,aflink_cost,all_sequences,0.025,deepocsort,False
45,70,0.6086956521739131,0.391304347826087,0,0.03177673390439348,3619,0.03177673390439348,aflink_official,aflink_cost,all_sequences,0.05,deepocsort,False
68,124,0.6458333333333334,0.3541666666666667,0,0.05305332964907433,3619,0.05305332964907433,aflink_official,aflink_cost,all_sequences,0.1,deepocsort,False
103,197,0.6566666666666666,0.3433333333333333,0,0.08289582757667864,3619,0.08289582757667864,aflink_official,aflink_cost,all_sequences,0.2,deepocsort,False
166,320,0.6584362139917695,0.34156378600823045,0,0.1342912406742194,3619,0.1342912406742194,aflink_official,aflink_cost,all_sequences,0.4,deepocsort,False
