adapter_input_detections,class_name,dataset,descriptor_eligible_output_boxes_iou_ge_0_9,descriptor_eligible_track_ids,duplicate_frame_identity_count,evaluated_gt_boxes,evaluated_prediction_boxes,family,frames_with_gt,released_frames,saved_output,saved_output_sha256,score_gate_admitted_detections,sequence,tracker,tracker_output_boxes,tracker_output_track_ids,tracker_runtime_seconds,valid_gt_boxes,zero_gt_frames
3223,car,MMOT,499,128,0,3223,2647,data28,186,186,<EXPERIMENT_ROOT>/results_raw/e0/results_raw/tracker_outputs/data28/data28-1/car/bytetrack.jsonl.gz,ca9a8958f383345d11bdbe7ebe4bda3dfdbe5d9f503cc09fcabc5f4de05df3a5,3223,data28-1,bytetrack,2647,183,0.7702688677236438,3223,0
3223,car,MMOT,1290,192,0,3223,1290,data28,186,186,<EXPERIMENT_ROOT>/results_raw/e0/results_raw/tracker_outputs/data28/data28-1/car/ocsort.jsonl.gz,70b0428db609ab3abd785e95ab61991d87304a4ce1720c7e3ddd963cc2806e45,3223,data28-1,ocsort,1290,192,2.034306760877371,3223,0
18,bike,MMOT,0,0,0,18,0,data28,18,186,<EXPERIMENT_ROOT>/results_raw/e0/results_raw/tracker_outputs/data28/data28-1/bike/bytetrack.jsonl.gz,39622c231dfe37a4672b6f11739e589debfb76475ca67d1a3173de06d28829c2,18,data28-1,bytetrack,0,0,0.016308563761413097,18,168
18,bike,MMOT,0,0,0,18,0,data28,18,186,<EXPERIMENT_ROOT>/results_raw/e0/results_raw/tracker_outputs/data28/data28-1/bike/ocsort.jsonl.gz,b5c5f22e915619a188b771a7c0c0bb40e279bd0f7f2346c9b33a3dce70b4ea23,18,data28-1,ocsort,0,0,0.026960870251059532,18,168
381,pedestrian,MMOT,5,4,0,381,66,data28,148,186,<EXPERIMENT_ROOT>/results_raw/e0/results_raw/tracker_outputs/data28/data28-1/pedestrian/bytetrack.jsonl.gz,e85cfd88cf3461bcc5e12da6d8e5906538f283103d0d47d35641d9b8497792bb,381,data28-1,bytetrack,66,38,0.17062584683299065,381,38
381,pedestrian,MMOT,2,2,0,381,2,data28,148,186,<EXPERIMENT_ROOT>/results_raw/e0/results_raw/tracker_outputs/data28/data28-1/pedestrian/ocsort.jsonl.gz,512282ba39dd7cc323b7e290b09c6e3f2d55633f20a702eb979ebad348d9d8a1,381,data28-1,ocsort,2,2,0.46285081934183836,381,38
118,van,MMOT,17,5,0,118,78,data28,118,186,<EXPERIMENT_ROOT>/results_raw/e0/results_raw/tracker_outputs/data28/data28-1/van/bytetrack.jsonl.gz,bb8ffacaa21488e235ac4db90fbb280a09f6d7301011fac41cab4fb5c75d816d,118,data28-1,bytetrack,78,9,0.06443977914750576,118,68
118,van,MMOT,40,5,0,118,40,data28,118,186,<EXPERIMENT_ROOT>/results_raw/e0/results_raw/tracker_outputs/data28/data28-1/van/ocsort.jsonl.gz,a22502d5814f1fcaf50d1c1cc04dfb1a247e80d0d9f97985c61ea6e8035ea6ba,118,data28-1,ocsort,40,5,0.1048274403437972,118,68
84,truck,MMOT,3,2,0,84,35,data28,72,186,<EXPERIMENT_ROOT>/results_raw/e0/results_raw/tracker_outputs/data28/data28-1/truck/bytetrack.jsonl.gz,00474c9510a5034bf736e7fe25662573c202ca43835024ecb3a27c04d694b4a0,84,data28-1,bytetrack,35,9,0.046803563833236694,84,114
84,truck,MMOT,26,5,0,84,26,data28,72,186,<EXPERIMENT_ROOT>/results_raw/e0/results_raw/tracker_outputs/data28/data28-1/truck/ocsort.jsonl.gz,bbb3c514c89729dae6182b6b8f0431a22b08ffae9d9a600c08613795f4ba6bb9,84,data28-1,ocsort,26,5,0.0806521624326706,84,114
3,bus,MMOT,0,0,0,3,0,data28,3,186,<EXPERIMENT_ROOT>/results_raw/e0/results_raw/tracker_outputs/data28/data28-1/bus/bytetrack.jsonl.gz,6d7fdb98c36bc9fc36bf60119a1142b4ea7f25ff5e57e00806899cd3b3687baa,3,data28-1,bytetrack,0,0,0.021014767698943615,3,183
3,bus,MMOT,0,0,0,3,0,data28,3,186,<EXPERIMENT_ROOT>/results_raw/e0/results_raw/tracker_outputs/data28/data28-1/bus/ocsort.jsonl.gz,e609ce998b079d4740f1308e49879f8a756dedd457643c4bf44aab3cd08c204f,3,data28-1,ocsort,0,0,0.02053885906934738,3,183
36,tricycle,MMOT,0,0,0,36,1,data28,36,186,<EXPERIMENT_ROOT>/results_raw/e0/results_raw/tracker_outputs/data28/data28-1/tricycle/bytetrack.jsonl.gz,77a66a8dc22af252a69305d97295864577c1375ae9217f91eb35736ced47c403,36,data28-1,bytetrack,1,1,0.014774181880056858,36,150
36,tricycle,MMOT,0,0,0,36,0,data28,36,186,<EXPERIMENT_ROOT>/results_raw/e0/results_raw/tracker_outputs/data28/data28-1/tricycle/ocsort.jsonl.gz,e609ce998b079d4740f1308e49879f8a756dedd457643c4bf44aab3cd08c204f,36,data28-1,ocsort,0,0,0.040869991295039654,36,150
103,awning-bike,MMOT,1,1,0,103,18,data28,80,186,<EXPERIMENT_ROOT>/results_raw/e0/results_raw/tracker_outputs/data28/data28-1/awning-bike/bytetrack.jsonl.gz,76b52955d5d44eafa73e4fe3271010e23e46a4a9088c0c9cd784ec0ad401c7d5,103,data28-1,bytetrack,18,12,0.059021735563874245,103,106
103,awning-bike,MMOT,1,1,0,103,1,data28,80,186,<EXPERIMENT_ROOT>/results_raw/e0/results_raw/tracker_outputs/data28/data28-1/awning-bike/ocsort.jsonl.gz,86ac645f1d2e6771a237691af77d8a14d8c4de4fffd30bfcaa623d51d619c6c6,103,data28-1,ocsort,1,1,0.11816393304616213,103,106
807,car,MMOT,107,38,0,807,707,data28,51,51,<EXPERIMENT_ROOT>/results_raw/e0/results_raw/tracker_outputs/data28/data28-2/car/bytetrack.jsonl.gz,10b100720870935a13275ccc93e9f3b1a3057a898d3779cad807621d0cacac02,807,data28-2,bytetrack,707,38,0.12623894307762384,807,0
807,car,MMOT,564,64,0,807,564,data28,51,51,<EXPERIMENT_ROOT>/results_raw/e0/results_raw/tracker_outputs/data28/data28-2/car/ocsort.jsonl.gz,0f5196682245c8f9a30a0e468a08f12391cfc479242acf8eeda249b3c3ba7c96,807,data28-2,ocsort,564,64,0.2182213319465518,807,0
24,bike,MMOT,0,0,0,24,0,data28,24,51,<EXPERIMENT_ROOT>/results_raw/e0/results_raw/tracker_outputs/data28/data28-2/bike/bytetrack.jsonl.gz,e57fdb5661da629eca801ccad3d7c14052de9ffbd751e507abf1cb61f2f5dade,24,data28-2,bytetrack,0,0,0.012315308675169945,24,27
24,bike,MMOT,0,0,0,24,0,data28,24,51,<EXPERIMENT_ROOT>/results_raw/e0/results_raw/tracker_outputs/data28/data28-2/bike/ocsort.jsonl.gz,6139daa46551d4b79d9e1d3e920687fbba73cce5792c8c05830eb6d8378ea484,24,data28-2,ocsort,0,0,0.024854647926986217,24,27
23,pedestrian,MMOT,0,0,0,23,0,data28,23,51,<EXPERIMENT_ROOT>/results_raw/e0/results_raw/tracker_outputs/data28/data28-2/pedestrian/bytetrack.jsonl.gz,e57fdb5661da629eca801ccad3d7c14052de9ffbd751e507abf1cb61f2f5dade,23,data28-2,bytetrack,0,0,0.011647666804492474,23,28
23,pedestrian,MMOT,0,0,0,23,0,data28,23,51,<EXPERIMENT_ROOT>/results_raw/e0/results_raw/tracker_outputs/data28/data28-2/pedestrian/ocsort.jsonl.gz,6139daa46551d4b79d9e1d3e920687fbba73cce5792c8c05830eb6d8378ea484,23,data28-2,ocsort,0,0,0.02340488415211439,23,28
54,truck,MMOT,6,1,0,54,30,data28,37,51,<EXPERIMENT_ROOT>/results_raw/e0/results_raw/tracker_outputs/data28/data28-2/truck/bytetrack.jsonl.gz,0197239e0b0ef57bbaea91661ffba0d0898b568ba249e3d6e12ac3ba2adb286a,54,data28-2,bytetrack,30,2,0.022946590557694435,54,14
54,truck,MMOT,30,1,0,54,30,data28,37,51,<EXPERIMENT_ROOT>/results_raw/e0/results_raw/tracker_outputs/data28/data28-2/truck/ocsort.jsonl.gz,d62975b0bdd20e09b0388ca657fa421ab5835714876463c13c81b6854d2a28af,54,data28-2,ocsort,30,1,0.028410064056515694,54,14
49,tricycle,MMOT,1,1,0,49,7,data28,49,51,<EXPERIMENT_ROOT>/results_raw/e0/results_raw/tracker_outputs/data28/data28-2/tricycle/bytetrack.jsonl.gz,f199255716547afcc063d8b33af81b687d80e603da4b2a2e92ffb3ab7ed72afc,49,data28-2,bytetrack,7,6,0.025624851696193218,49,2
49,tricycle,MMOT,10,5,0,49,10,data28,49,51,<EXPERIMENT_ROOT>/results_raw/e0/results_raw/tracker_outputs/data28/data28-2/tricycle/ocsort.jsonl.gz,c9f6c9b0123cdf0a10ba3ba661a1de624d5e8986d1bf1dca25ce6f7a9d28c9fa,49,data28-2,ocsort,10,5,0.04451976343989372,49,2
11,awning-bike,MMOT,1,1,0,11,2,data28,11,51,<EXPERIMENT_ROOT>/results_raw/e0/results_raw/tracker_outputs/data28/data28-2/awning-bike/bytetrack.jsonl.gz,e46c169b0985343571cce94a46269d9daac9a525e226892ff9dbbb32d37db887,11,data28-2,bytetrack,2,2,0.0070028482005000114,11,40
11,awning-bike,MMOT,3,3,0,11,3,data28,11,51,<EXPERIMENT_ROOT>/results_raw/e0/results_raw/tracker_outputs/data28/data28-2/awning-bike/ocsort.jsonl.gz,4a0ad2d301962da680917ea243038dce5e91a21afa840952497118819a7fa7db,11,data28-2,ocsort,3,3,0.008514651097357273,11,40
74,car,MMOT,1,1,0,74,2,data28,54,69,<EXPERIMENT_ROOT>/results_raw/e0/results_raw/tracker_outputs/data28/data28-3/car/bytetrack.jsonl.gz,da4ee35cdc9ff215e236c7244a9503bb3d165eefbc92e43a9914829902fe708a,74,data28-3,bytetrack,2,2,0.02971083577722311,74,15
74,car,MMOT,3,3,0,74,3,data28,54,69,<EXPERIMENT_ROOT>/results_raw/e0/results_raw/tracker_outputs/data28/data28-3/car/ocsort.jsonl.gz,aeb79e0b5ec5414760e3979afdf986146840d89f4375f85d2e2a5d4b6b6a7656,74,data28-3,ocsort,3,3,0.0929279150441289,74,15
21,bike,MMOT,0,0,0,21,1,data28,21,69,<EXPERIMENT_ROOT>/results_raw/e0/results_raw/tracker_outputs/data28/data28-3/bike/bytetrack.jsonl.gz,1ab0650cee41c51ebcdb1843452fbaa9467779d3758379fe17a688e66cd9fe93,21,data28-3,bytetrack,1,1,0.011381457559764385,21,48
21,bike,MMOT,0,0,0,21,0,data28,21,69,<EXPERIMENT_ROOT>/results_raw/e0/results_raw/tracker_outputs/data28/data28-3/bike/ocsort.jsonl.gz,6139daa46551d4b79d9e1d3e920687fbba73cce5792c8c05830eb6d8378ea484,21,data28-3,ocsort,0,0,0.019224722869694233,21,48
21,pedestrian,MMOT,0,0,0,21,0,data28,21,69,<EXPERIMENT_ROOT>/results_raw/e0/results_raw/tracker_outputs/data28/data28-3/pedestrian/bytetrack.jsonl.gz,e57fdb5661da629eca801ccad3d7c14052de9ffbd751e507abf1cb61f2f5dade,21,data28-3,bytetrack,0,0,0.009094469249248505,21,48
21,pedestrian,MMOT,0,0,0,21,0,data28,21,69,<EXPERIMENT_ROOT>/results_raw/e0/results_raw/tracker_outputs/data28/data28-3/pedestrian/ocsort.jsonl.gz,6139daa46551d4b79d9e1d3e920687fbba73cce5792c8c05830eb6d8378ea484,21,data28-3,ocsort,0,0,0.019487405195832253,21,48
12,van,MMOT,0,0,0,12,0,data28,12,69,<EXPERIMENT_ROOT>/results_raw/e0/results_raw/tracker_outputs/data28/data28-3/van/bytetrack.jsonl.gz,e57fdb5661da629eca801ccad3d7c14052de9ffbd751e507abf1cb61f2f5dade,12,data28-3,bytetrack,0,0,0.008399575017392635,12,57
12,van,MMOT,0,0,0,12,0,data28,12,69,<EXPERIMENT_ROOT>/results_raw/e0/results_raw/tracker_outputs/data28/data28-3/van/ocsort.jsonl.gz,6139daa46551d4b79d9e1d3e920687fbba73cce5792c8c05830eb6d8378ea484,12,data28-3,ocsort,0,0,0.012436813674867153,12,57
147,truck,MMOT,1,1,0,147,55,data28,68,69,<EXPERIMENT_ROOT>/results_raw/e0/results_raw/tracker_outputs/data28/data28-3/truck/bytetrack.jsonl.gz,01a4304b3743629c3005c815338b8863db35637658d2a143f0c192f50e5be152,147,data28-3,bytetrack,55,13,0.047220864333212376,147,1
147,truck,MMOT,44,8,0,147,44,data28,68,69,<EXPERIMENT_ROOT>/results_raw/e0/results_raw/tracker_outputs/data28/data28-3/truck/ocsort.jsonl.gz,9c04fb8ed782d63c81a9b0bcd4f67c42669b646e88164e2a31764c9866e404bd,147,data28-3,ocsort,44,8,0.11456964816898108,147,1
28,awning-bike,MMOT,1,1,0,28,2,data28,28,69,<EXPERIMENT_ROOT>/results_raw/e0/results_raw/tracker_outputs/data28/data28-3/awning-bike/bytetrack.jsonl.gz,88cddc51504e8f8cb26488c0a44e12ca1d912479c38e666b5b781243b7218a40,28,data28-3,bytetrack,2,2,0.016527659259736538,28,41
28,awning-bike,MMOT,0,0,0,28,0,data28,28,69,<EXPERIMENT_ROOT>/results_raw/e0/results_raw/tracker_outputs/data28/data28-3/awning-bike/ocsort.jsonl.gz,f77d9e042ae4b52fbb829d9cacc240b749633757b0a880b5e89af75076e3e8f6,28,data28-3,ocsort,0,0,0.031218393705785275,28,41
111,car,MMOT,0,0,0,111,7,data28,41,43,<EXPERIMENT_ROOT>/results_raw/e0/results_raw/tracker_outputs/data28/data28-4/car/bytetrack.jsonl.gz,469fbe8c52c97a639860503d77e638a7847e6eff4bebda3314df36f1e8f78596,111,data28-4,bytetrack,7,7,0.024476134218275547,111,2
111,car,MMOT,1,1,0,111,1,data28,41,43,<EXPERIMENT_ROOT>/results_raw/e0/results_raw/tracker_outputs/data28/data28-4/car/ocsort.jsonl.gz,b0e777e0a410d9ced815afb327dd1501581a56beb05344c66535ce9a109788dc,111,data28-4,ocsort,1,1,0.07723246794193983,111,2
33,bike,MMOT,0,0,0,33,0,data28,17,43,<EXPERIMENT_ROOT>/results_raw/e0/results_raw/tracker_outputs/data28/data28-4/bike/bytetrack.jsonl.gz,0336476389da4bfbf073566c1913b4a55235be71d2cadaa767f66cc8909830e7,33,data28-4,bytetrack,0,0,0.011345027014613152,33,26
33,bike,MMOT,0,0,0,33,0,data28,17,43,<EXPERIMENT_ROOT>/results_raw/e0/results_raw/tracker_outputs/data28/data28-4/bike/ocsort.jsonl.gz,f77d9e042ae4b52fbb829d9cacc240b749633757b0a880b5e89af75076e3e8f6,33,data28-4,ocsort,0,0,0.019684048369526863,33,26
50,pedestrian,MMOT,0,0,0,50,0,data28,17,43,<EXPERIMENT_ROOT>/results_raw/e0/results_raw/tracker_outputs/data28/data28-4/pedestrian/bytetrack.jsonl.gz,0336476389da4bfbf073566c1913b4a55235be71d2cadaa767f66cc8909830e7,50,data28-4,bytetrack,0,0,0.012196652591228485,50,26
50,pedestrian,MMOT,0,0,0,50,0,data28,17,43,<EXPERIMENT_ROOT>/results_raw/e0/results_raw/tracker_outputs/data28/data28-4/pedestrian/ocsort.jsonl.gz,f77d9e042ae4b52fbb829d9cacc240b749633757b0a880b5e89af75076e3e8f6,50,data28-4,ocsort,0,0,0.022073525935411453,50,26
22,van,MMOT,0,0,0,22,0,data28,22,43,<EXPERIMENT_ROOT>/results_raw/e0/results_raw/tracker_outputs/data28/data28-4/van/bytetrack.jsonl.gz,0336476389da4bfbf073566c1913b4a55235be71d2cadaa767f66cc8909830e7,22,data28-4,bytetrack,0,0,0.010452288202941418,22,21
22,van,MMOT,0,0,0,22,0,data28,22,43,<EXPERIMENT_ROOT>/results_raw/e0/results_raw/tracker_outputs/data28/data28-4/van/ocsort.jsonl.gz,f77d9e042ae4b52fbb829d9cacc240b749633757b0a880b5e89af75076e3e8f6,22,data28-4,ocsort,0,0,0.021750072948634624,22,21
15,truck,MMOT,1,1,0,15,6,data28,15,43,<EXPERIMENT_ROOT>/results_raw/e0/results_raw/tracker_outputs/data28/data28-4/truck/bytetrack.jsonl.gz,0334fc6cb0e4f7ad59cb106085499cc4d2a94f0bdc21c1b353774f71d6eb3bd8,15,data28-4,bytetrack,6,2,0.011573487892746925,15,28
15,truck,MMOT,6,4,0,15,6,data28,15,43,<EXPERIMENT_ROOT>/results_raw/e0/results_raw/tracker_outputs/data28/data28-4/truck/ocsort.jsonl.gz,5903563822b6d9e0739a06ff271b929e2a970aa1f6621372d90ecc2d9c82e2ba,15,data28-4,ocsort,6,4,0.019260595552623272,15,28
58,car,MMOT,4,4,0,58,7,data28,31,31,<EXPERIMENT_ROOT>/results_raw/e0/results_raw/tracker_outputs/data28/data28-5/car/bytetrack.jsonl.gz,36b3ad5047c85bc26b990db215984498c998753972a7ec70838e4f0b830f5947,58,data28-5,bytetrack,7,7,0.02186446636915207,58,0
58,car,MMOT,12,12,0,58,12,data28,31,31,<EXPERIMENT_ROOT>/results_raw/e0/results_raw/tracker_outputs/data28/data28-5/car/ocsort.jsonl.gz,cb1df7724c50f2aae7931458fe7c71686e35856275375771321f94717ef74846,58,data28-5,ocsort,12,12,0.05167341697961092,58,0
4,bike,MMOT,1,1,0,4,1,data28,4,31,<EXPERIMENT_ROOT>/results_raw/e0/results_raw/tracker_outputs/data28/data28-5/bike/bytetrack.jsonl.gz,8eeb7c2324b475b6a90a6afb32b868d66a3f623e31911306fc655fdd34ba295e,4,data28-5,bytetrack,1,1,0.003400426357984543,4,27
4,bike,MMOT,3,3,0,4,3,data28,4,31,<EXPERIMENT_ROOT>/results_raw/e0/results_raw/tracker_outputs/data28/data28-5/bike/ocsort.jsonl.gz,0d86ccf856f8d839a2802c049ebcb6f29692c61c79582056ad8c4ec42c8a49e2,4,data28-5,ocsort,3,3,0.0035869814455509186,4,27
97,pedestrian,MMOT,5,4,0,97,9,data28,31,31,<EXPERIMENT_ROOT>/results_raw/e0/results_raw/tracker_outputs/data28/data28-5/pedestrian/bytetrack.jsonl.gz,6f5c3916757c6bca64eec3a1d5622c3eb9c962f3f1e7375382c5eb116295761c,97,data28-5,bytetrack,9,6,0.025667132809758186,97,0
97,pedestrian,MMOT,12,11,0,97,12,data28,31,31,<EXPERIMENT_ROOT>/results_raw/e0/results_raw/tracker_outputs/data28/data28-5/pedestrian/ocsort.jsonl.gz,7ae3cf6765140f736a8f58b5c62411169e2b8a2eeec18c1f8f96755359346340,97,data28-5,ocsort,12,11,0.06468956544995308,97,0
24,truck,MMOT,1,1,0,24,4,data28,23,31,<EXPERIMENT_ROOT>/results_raw/e0/results_raw/tracker_outputs/data28/data28-5/truck/bytetrack.jsonl.gz,a9be08f72957acec42d420c868694d0967dd34704d1d815665e8508fc1e289d0,24,data28-5,bytetrack,4,2,0.01471157930791378,24,8
24,truck,MMOT,3,3,0,24,3,data28,23,31,<EXPERIMENT_ROOT>/results_raw/e0/results_raw/tracker_outputs/data28/data28-5/truck/ocsort.jsonl.gz,d2f6087283ebac21c34be01269c88c9f1d5da3384ac7c8c00858ba20be4abe83,24,data28-5,ocsort,3,3,0.027615942992269993,24,8
22,car,MMOT,0,0,0,22,0,data28,22,65,<EXPERIMENT_ROOT>/results_raw/e0/results_raw/tracker_outputs/data28/data28-6/car/bytetrack.jsonl.gz,0336476389da4bfbf073566c1913b4a55235be71d2cadaa767f66cc8909830e7,22,data28-6,bytetrack,0,0,0.011381460353732109,22,43
22,car,MMOT,0,0,0,22,0,data28,22,65,<EXPERIMENT_ROOT>/results_raw/e0/results_raw/tracker_outputs/data28/data28-6/car/ocsort.jsonl.gz,f77d9e042ae4b52fbb829d9cacc240b749633757b0a880b5e89af75076e3e8f6,22,data28-6,ocsort,0,0,0.0283944858238101,22,43
9,van,MMOT,0,0,0,9,0,data28,9,65,<EXPERIMENT_ROOT>/results_raw/e0/results_raw/tracker_outputs/data28/data28-6/van/bytetrack.jsonl.gz,0336476389da4bfbf073566c1913b4a55235be71d2cadaa767f66cc8909830e7,9,data28-6,bytetrack,0,0,0.005439623259007931,9,56
9,van,MMOT,0,0,0,9,0,data28,9,65,<EXPERIMENT_ROOT>/results_raw/e0/results_raw/tracker_outputs/data28/data28-6/van/ocsort.jsonl.gz,f77d9e042ae4b52fbb829d9cacc240b749633757b0a880b5e89af75076e3e8f6,9,data28-6,ocsort,0,0,0.007812093012034893,9,56
188,truck,MMOT,60,7,0,188,150,data28,65,65,<EXPERIMENT_ROOT>/results_raw/e0/results_raw/tracker_outputs/data28/data28-6/truck/bytetrack.jsonl.gz,f750e2c9e5ba1d7eea1a5305c39767982949a34fb9887492c01260c79424f04b,188,data28-6,bytetrack,150,8,0.05180590972304344,188,0
188,truck,MMOT,137,7,0,188,137,data28,65,65,<EXPERIMENT_ROOT>/results_raw/e0/results_raw/tracker_outputs/data28/data28-6/truck/ocsort.jsonl.gz,9d750830e27531901e604dc43c7006fe08cfe2edfcccab199eed233e11d0ef56,188,data28-6,ocsort,137,7,0.06812283303588629,188,0
25,bus,MMOT,1,1,0,25,3,data28,18,65,<EXPERIMENT_ROOT>/results_raw/e0/results_raw/tracker_outputs/data28/data28-6/bus/bytetrack.jsonl.gz,ad9c1afa3ea1b7e0082a009cec16594541fd2484e51c3477f974d064f756ccc2,25,data28-6,bytetrack,3,1,0.012663307599723339,25,47
25,bus,MMOT,8,1,0,25,8,data28,18,65,<EXPERIMENT_ROOT>/results_raw/e0/results_raw/tracker_outputs/data28/data28-6/bus/ocsort.jsonl.gz,3c44de1f7a8ad013f06ba1dce1c7be83e0549c4f6aa23dbf7f7d5fc59e7e1301,25,data28-6,ocsort,8,1,0.01631787046790123,25,47
3738,car,MMOT,979,89,0,3738,3623,data30,68,68,<EXPERIMENT_ROOT>/results_raw/e0/results_raw/tracker_outputs/data30/data30-10/car/bytetrack.jsonl.gz,358b7f7554f5549c61849fe2011a4424c60dbf89025074e517d9cda6fb9da3a5,3738,data30-10,bytetrack,3623,114,0.4441358372569084,3738,0
3738,car,MMOT,3246,122,0,3738,3246,data30,68,68,<EXPERIMENT_ROOT>/results_raw/e0/results_raw/tracker_outputs/data30/data30-10/car/ocsort.jsonl.gz,7545badf119736fddc061d2007e3d67e2ec9fb7783d3eb27a1082187bf667a8e,3738,data30-10,ocsort,3246,122,0.6011179871857166,3738,0
245,bike,MMOT,10,10,0,245,70,data30,58,68,<EXPERIMENT_ROOT>/results_raw/e0/results_raw/tracker_outputs/data30/data30-10/bike/bytetrack.jsonl.gz,2491dabd29c9e683afb9dda27425dd3f1bf9f35b7cce074ca7b2a0c713408629,245,data30-10,bytetrack,70,43,0.07051548920571804,245,10
245,bike,MMOT,24,24,0,245,24,data30,58,68,<EXPERIMENT_ROOT>/results_raw/e0/results_raw/tracker_outputs/data30/data30-10/bike/ocsort.jsonl.gz,52d97e6245e94edf873aa6ba87b416b5a4bf067f3f6835d5d5c96e58627cd29f,245,data30-10,ocsort,24,24,0.21481081191450357,245,10
2441,pedestrian,MMOT,57,56,0,2441,247,data30,68,68,<EXPERIMENT_ROOT>/results_raw/e0/results_raw/tracker_outputs/data30/data30-10/pedestrian/bytetrack.jsonl.gz,70b7d0db02751bbe652e95a70d2c5f7765daeb95577f3904e0657be4bd7cfd6f,2441,data30-10,bytetrack,247,194,0.32374586071819067,2441,0
2441,pedestrian,MMOT,153,151,0,2441,153,data30,68,68,<EXPERIMENT_ROOT>/results_raw/e0/results_raw/tracker_outputs/data30/data30-10/pedestrian/ocsort.jsonl.gz,dad54f8c5f09dd902973ca569ec501233a923b2ad6a0394bc22f5bf7012c59d2,2441,data30-10,ocsort,153,151,2.3002567533403635,2441,0
165,van,MMOT,58,4,0,165,165,data30,47,68,<EXPERIMENT_ROOT>/results_raw/e0/results_raw/tracker_outputs/data30/data30-10/van/bytetrack.jsonl.gz,9f3e4d360d06fde295ec85100d698537d722aae7371afd23f8068bf843dd407d,165,data30-10,bytetrack,165,4,0.037391710095107555,165,21
165,van,MMOT,161,4,0,165,161,data30,47,68,<EXPERIMENT_ROOT>/results_raw/e0/results_raw/tracker_outputs/data30/data30-10/van/ocsort.jsonl.gz,9b0ef8a84f7dca5783dd18085ac31753ef12d469357f85fd8c730906adb9c5d0,165,data30-10,ocsort,161,4,0.036832431331276894,165,21
70,truck,MMOT,31,2,0,70,69,data30,68,68,<EXPERIMENT_ROOT>/results_raw/e0/results_raw/tracker_outputs/data30/data30-10/truck/bytetrack.jsonl.gz,c66c28c0d543e33b22a116e2895cd3f2cec64064c9bc228ba270fc4fe46ab322,70,data30-10,bytetrack,69,2,0.03317724447697401,70,0
70,truck,MMOT,65,2,0,70,65,data30,68,68,<EXPERIMENT_ROOT>/results_raw/e0/results_raw/tracker_outputs/data30/data30-10/truck/ocsort.jsonl.gz,54b672cad329cffeb06ba1167f0bd919144bbbc35f975b92ea0d6022f5c0cd8b,70,data30-10,ocsort,65,2,0.030307755805552006,70,0
57,tricycle,MMOT,4,2,0,57,47,data30,57,68,<EXPERIMENT_ROOT>/results_raw/e0/results_raw/tracker_outputs/data30/data30-10/tricycle/bytetrack.jsonl.gz,90c65b52b14be334e8091ae36a69d3d8fb8d4aedfba228911f71c41d0a540246,57,data30-10,bytetrack,47,4,0.028888758271932602,57,11
57,tricycle,MMOT,15,7,0,57,15,data30,57,68,<EXPERIMENT_ROOT>/results_raw/e0/results_raw/tracker_outputs/data30/data30-10/tricycle/ocsort.jsonl.gz,a455c1f5bb0fd8d8b8c8a99083145d46966b50ef8cb18c9da08860612c1ba9ba,57,data30-10,ocsort,15,7,0.04974960349500179,57,11
454,awning-bike,MMOT,28,25,0,454,217,data30,68,68,<EXPERIMENT_ROOT>/results_raw/e0/results_raw/tracker_outputs/data30/data30-10/awning-bike/bytetrack.jsonl.gz,ffd10a88509024fc1887a8cf38a7baf6682ce47d5ebffd29aa7d4a786c291b2f,454,data30-10,bytetrack,217,71,0.11026616673916578,454,0
454,awning-bike,MMOT,84,42,0,454,84,data30,68,68,<EXPERIMENT_ROOT>/results_raw/e0/results_raw/tracker_outputs/data30/data30-10/awning-bike/ocsort.jsonl.gz,3e601e2592a7d875d0e92f9f6482b99dbdec0fc020558edb0b5dc82228cfaa26,454,data30-10,ocsort,84,42,0.2750911684706807,454,0
1829,car,MMOT,378,109,0,1829,1632,data30,50,50,<EXPERIMENT_ROOT>/results_raw/e0/results_raw/tracker_outputs/data30/data30-2/car/bytetrack.jsonl.gz,728017617e2bb04c2273af8f0591d8764ca05be785cbf0fa6acbc8ef6a2bc297,1829,data30-2,bytetrack,1632,147,0.26910100504755974,1829,0
1829,car,MMOT,1010,129,0,1829,1010,data30,50,50,<EXPERIMENT_ROOT>/results_raw/e0/results_raw/tracker_outputs/data30/data30-2/car/ocsort.jsonl.gz,2a51edcf1c4e45efbad3d6e114f8414b12abe43d20486851da94b9166c9cd022,1829,data30-2,ocsort,1010,129,0.5144787458702922,1829,0
256,bike,MMOT,30,18,0,256,117,data30,50,50,<EXPERIMENT_ROOT>/results_raw/e0/results_raw/tracker_outputs/data30/data30-2/bike/bytetrack.jsonl.gz,6c0f3adeb1bd1d5a77895ff2df3097c481fdb954c814819f8145096505fb820e,256,data30-2,bytetrack,117,38,0.06536729913204908,256,0
256,bike,MMOT,35,24,0,256,35,data30,50,50,<EXPERIMENT_ROOT>/results_raw/e0/results_raw/tracker_outputs/data30/data30-2/bike/ocsort.jsonl.gz,481013010c03d9c86556fb69ff0c3c6a619a27d549bbe4bfa1fafca1dc75ccb9,256,data30-2,ocsort,35,24,0.14693696610629559,256,0
1801,pedestrian,MMOT,62,54,0,1801,247,data30,50,50,<EXPERIMENT_ROOT>/results_raw/e0/results_raw/tracker_outputs/data30/data30-2/pedestrian/bytetrack.jsonl.gz,3dcada80cc6fc55adb5fe09d5553f58aa483c7e165c7f9b0d6fdf38d6d5b0796,1801,data30-2,bytetrack,247,156,0.24207783304154873,1801,0
1801,pedestrian,MMOT,102,81,0,1801,102,data30,50,50,<EXPERIMENT_ROOT>/results_raw/e0/results_raw/tracker_outputs/data30/data30-2/pedestrian/ocsort.jsonl.gz,57e5194fe63cdd734ca6b50fb6bb2cdd27270fc22b4c5a68d85aa718cb65ba0f,1801,data30-2,ocsort,102,81,1.3690009638667107,1801,0
121,van,MMOT,28,10,0,121,103,data30,50,50,<EXPERIMENT_ROOT>/results_raw/e0/results_raw/tracker_outputs/data30/data30-2/van/bytetrack.jsonl.gz,3dac71c9cf91fe1d8499365689406b33ad453b91f5e57de09d54cf6449211ce3,121,data30-2,bytetrack,103,15,0.04162732418626547,121,0
121,van,MMOT,69,13,0,121,69,data30,50,50,<EXPERIMENT_ROOT>/results_raw/e0/results_raw/tracker_outputs/data30/data30-2/van/ocsort.jsonl.gz,2f0a07b9f121ab2b562c38e02a7e57acf6ab4a6f7ab9eca08d76b2c6e0d15dd5,121,data30-2,ocsort,69,13,0.05412196088582277,121,0
66,bus,MMOT,24,2,0,66,66,data30,50,50,<EXPERIMENT_ROOT>/results_raw/e0/results_raw/tracker_outputs/data30/data30-2/bus/bytetrack.jsonl.gz,94a1d477b5e6b6710744b7f3a0bdcded00aa78e293d934844c541187e1306961,66,data30-2,bytetrack,66,2,0.027578210458159447,66,0
66,bus,MMOT,64,2,0,66,64,data30,50,50,<EXPERIMENT_ROOT>/results_raw/e0/results_raw/tracker_outputs/data30/data30-2/bus/ocsort.jsonl.gz,cd9f20d7ea2307b8784ce8b8939fa6a6915859e09be3133ae78a1606056663d6,66,data30-2,ocsort,64,2,0.026062309741973877,66,0
137,tricycle,MMOT,24,12,0,137,89,data30,50,50,<EXPERIMENT_ROOT>/results_raw/e0/results_raw/tracker_outputs/data30/data30-2/tricycle/bytetrack.jsonl.gz,f91a7be092d3884282fca3a679320ac4b14a09b743034ae5cf7a9a6e1b3982b4,137,data30-2,bytetrack,89,17,0.045211564749479294,137,0
137,tricycle,MMOT,40,13,0,137,40,data30,50,50,<EXPERIMENT_ROOT>/results_raw/e0/results_raw/tracker_outputs/data30/data30-2/tricycle/ocsort.jsonl.gz,e596e2966bfad8365f27ce5461cef82613abe8a0add86195351207168908a1d9,137,data30-2,ocsort,40,13,0.07326670177280903,137,0
280,awning-bike,MMOT,24,19,0,280,138,data30,50,50,<EXPERIMENT_ROOT>/results_raw/e0/results_raw/tracker_outputs/data30/data30-2/awning-bike/bytetrack.jsonl.gz,adb68b2c0c3d6838d26b99de850844a74b54f95c16e738e63af3f6fb98cad7d5,280,data30-2,bytetrack,138,44,0.07293943595141172,280,0
280,awning-bike,MMOT,39,23,0,280,39,data30,50,50,<EXPERIMENT_ROOT>/results_raw/e0/results_raw/tracker_outputs/data30/data30-2/awning-bike/ocsort.jsonl.gz,f7a2a5a85803c809c08a0376f05674410b59ee1138e6faa9c4beca9d3630775a,280,data30-2,ocsort,39,23,0.16493147797882557,280,0
1537,car,MMOT,287,95,0,1537,1355,data30,36,36,<EXPERIMENT_ROOT>/results_raw/e0/results_raw/tracker_outputs/data30/data30-3/car/bytetrack.jsonl.gz,b75bb55dc2052a34c92d12a3e1ceea985d9748f65f16a7c5f2d5e066a5e2f21a,1537,data30-3,bytetrack,1355,135,0.213756388053298,1537,0
1537,car,MMOT,886,147,0,1537,886,data30,36,36,<EXPERIMENT_ROOT>/results_raw/e0/results_raw/tracker_outputs/data30/data30-3/car/ocsort.jsonl.gz,949da0aec9fb9ffa49b3268710da06629313eb3c40e761083ca3654d7d62a4ad,1537,data30-3,ocsort,886,147,0.4047236815094948,1537,0
199,bike,MMOT,15,10,0,199,74,data30,36,36,<EXPERIMENT_ROOT>/results_raw/e0/results_raw/tracker_outputs/data30/data30-3/bike/bytetrack.jsonl.gz,c0d79ec26da38390e9febe31eaf2980abcae9c0b48b6283114e578095196b1e2,199,data30-3,bytetrack,74,33,0.051307784393429756,199,0
199,bike,MMOT,26,25,0,199,26,data30,36,36,<EXPERIMENT_ROOT>/results_raw/e0/results_raw/tracker_outputs/data30/data30-3/bike/ocsort.jsonl.gz,47431ef80a5598b88e0e834d6a4d950df34bcbea2dd5505f611f5b12911ed572,199,data30-3,ocsort,26,25,0.1227540960535407,199,0
1534,pedestrian,MMOT,68,64,0,1534,325,data30,36,36,<EXPERIMENT_ROOT>/results_raw/e0/results_raw/tracker_outputs/data30/data30-3/pedestrian/bytetrack.jsonl.gz,193777bde5cfacf24ba8fa1f009d9bc6f3c1c0faa649fad40f6e4faa6ed16ddd,1534,data30-3,bytetrack,325,217,0.21901888400316238,1534,0
1534,pedestrian,MMOT,144,139,0,1534,144,data30,36,36,<EXPERIMENT_ROOT>/results_raw/e0/results_raw/tracker_outputs/data30/data30-3/pedestrian/ocsort.jsonl.gz,55f1825bdc0fdfe23940d087218559ce86f28207aca267ddc57f86f976f168ff,1534,data30-3,ocsort,144,139,1.0431810300797224,1534,0
83,van,MMOT,16,9,0,83,70,data30,36,36,<EXPERIMENT_ROOT>/results_raw/e0/results_raw/tracker_outputs/data30/data30-3/van/bytetrack.jsonl.gz,6afaf349778a877eefba233ec7983cbe6477eec8a08f98e5c91ce5528f1658c3,83,data30-3,bytetrack,70,11,0.029129565693438053,83,0
83,van,MMOT,39,10,0,83,39,data30,36,36,<EXPERIMENT_ROOT>/results_raw/e0/results_raw/tracker_outputs/data30/data30-3/van/ocsort.jsonl.gz,0393a27cf5d248b8aebacf61e054167bbbd387231824c2d266992e84e50770cd,83,data30-3,ocsort,39,10,0.03877847921103239,83,0
20,truck,MMOT,4,2,0,20,13,data30,20,36,<EXPERIMENT_ROOT>/results_raw/e0/results_raw/tracker_outputs/data30/data30-3/truck/bytetrack.jsonl.gz,9e2cefd66eff9df5de6820637a691ca124f6cfbdaa606c315f26b8d6f3c95b17,20,data30-3,bytetrack,13,4,0.015727301128208637,20,16
20,truck,MMOT,7,3,0,20,7,data30,20,36,<EXPERIMENT_ROOT>/results_raw/e0/results_raw/tracker_outputs/data30/data30-3/truck/ocsort.jsonl.gz,33b08b158eb3f8e7768f8812eb4ef4644ac128410bd118d95a986b6a6cadf76b,20,data30-3,ocsort,7,3,0.019817044027149677,20,16
36,bus,MMOT,1,1,0,36,35,data30,36,36,<EXPERIMENT_ROOT>/results_raw/e0/results_raw/tracker_outputs/data30/data30-3/bus/bytetrack.jsonl.gz,e33677115e7e0f4bea8e52bcfeef04d627ed23536f903c66e421152258e5254c,36,data30-3,bytetrack,35,2,0.0191149041056633,36,0
36,bus,MMOT,33,2,0,36,33,data30,36,36,<EXPERIMENT_ROOT>/results_raw/e0/results_raw/tracker_outputs/data30/data30-3/bus/ocsort.jsonl.gz,8620cea7c1937d11d44f5ec4fc789b85a64ef579b1584ebeeec54cbdf205dadf,36,data30-3,ocsort,33,2,0.018108663149178028,36,0
108,tricycle,MMOT,15,9,0,108,91,data30,36,36,<EXPERIMENT_ROOT>/results_raw/e0/results_raw/tracker_outputs/data30/data30-3/tricycle/bytetrack.jsonl.gz,442f0554afc75c2f0aaeae6b671033f7e94337967635a9031d56f1a9b9019f70,108,data30-3,bytetrack,91,14,0.032559690065681934,108,0
108,tricycle,MMOT,44,13,0,108,44,data30,36,36,<EXPERIMENT_ROOT>/results_raw/e0/results_raw/tracker_outputs/data30/data30-3/tricycle/ocsort.jsonl.gz,7efaa8a998b2f280125311277f1add90fe4a1ca2a8676d627d2f4c39fa0bd662,108,data30-3,ocsort,44,13,0.04888773802667856,108,0
268,awning-bike,MMOT,24,18,0,268,125,data30,36,36,<EXPERIMENT_ROOT>/results_raw/e0/results_raw/tracker_outputs/data30/data30-3/awning-bike/bytetrack.jsonl.gz,0148d9c80067b1f210beab3d0d674309929fb691814255e5799122a0e6b0f391,268,data30-3,bytetrack,125,50,0.059679098427295685,268,0
268,awning-bike,MMOT,35,28,0,268,35,data30,36,36,<EXPERIMENT_ROOT>/results_raw/e0/results_raw/tracker_outputs/data30/data30-3/awning-bike/ocsort.jsonl.gz,ad8dd94c7d26abbfc22daf0ff8f43dc8b12d8cbdf091275378d7d214932c627f,268,data30-3,ocsort,35,28,0.13492172677069902,268,0
1346,car,MMOT,392,65,0,1346,1282,data30,50,50,<EXPERIMENT_ROOT>/results_raw/e0/results_raw/tracker_outputs/data30/data30-4/car/bytetrack.jsonl.gz,595bcd6ad9607797cd155989b48e5e5ff033c481b7a9fa91571d8f29cbdaba7d,1346,data30-4,bytetrack,1282,68,0.187725187279284,1346,0
1346,car,MMOT,1017,77,0,1346,1017,data30,50,50,<EXPERIMENT_ROOT>/results_raw/e0/results_raw/tracker_outputs/data30/data30-4/car/ocsort.jsonl.gz,a52a02c48dab7115d923dfd2aa507f3597e3c9fd7acc4a0a2aa2a94b17f1650e,1346,data30-4,ocsort,1017,77,0.274490169249475,1346,0
16,bike,MMOT,1,1,0,16,8,data30,16,50,<EXPERIMENT_ROOT>/results_raw/e0/results_raw/tracker_outputs/data30/data30-4/bike/bytetrack.jsonl.gz,b2b93a4b187d205e301671e7797c420331e99c3ef722c7198273ca2bd60d624d,16,data30-4,bytetrack,8,2,0.015502497553825378,16,34
16,bike,MMOT,3,1,0,16,3,data30,16,50,<EXPERIMENT_ROOT>/results_raw/e0/results_raw/tracker_outputs/data30/data30-4/bike/ocsort.jsonl.gz,86c003bf4b226ae34e21448df9514602d01f8a6adba9bdcc9e9265a2c1aa7d3a,16,data30-4,ocsort,3,1,0.029285578057169914,16,34
1155,pedestrian,MMOT,48,41,0,1155,237,data30,50,50,<EXPERIMENT_ROOT>/results_raw/e0/results_raw/tracker_outputs/data30/data30-4/pedestrian/bytetrack.jsonl.gz,514a7b095fcca3a2845c5cc68ca09dbd22cdc4b0137c8018ef23e9d990e26f08,1155,data30-4,bytetrack,237,134,0.18638439942151308,1155,0
1155,pedestrian,MMOT,96,58,0,1155,96,data30,50,50,<EXPERIMENT_ROOT>/results_raw/e0/results_raw/tracker_outputs/data30/data30-4/pedestrian/ocsort.jsonl.gz,87dabfaf259219c00e556d2d048c0807ba822ffbb273c2cd4670c2a13dc5ec04,1155,data30-4,ocsort,96,58,0.9864861592650414,1155,0
100,van,MMOT,27,8,0,100,92,data30,50,50,<EXPERIMENT_ROOT>/results_raw/e0/results_raw/tracker_outputs/data30/data30-4/van/bytetrack.jsonl.gz,3123a2f3b703479eeaa3a2bc047f7410733c9497be6d34819fd6589a88e69534,100,data30-4,bytetrack,92,9,0.03617748245596886,100,0
100,van,MMOT,60,10,0,100,60,data30,50,50,<EXPERIMENT_ROOT>/results_raw/e0/results_raw/tracker_outputs/data30/data30-4/van/ocsort.jsonl.gz,347f004d30bb34d44576f34a616427be2c1b0404d541e6c2004ccf113d3089ab,100,data30-4,ocsort,60,10,0.04103243350982666,100,0
99,truck,MMOT,26,5,0,99,95,data30,50,50,<EXPERIMENT_ROOT>/results_raw/e0/results_raw/tracker_outputs/data30/data30-4/truck/bytetrack.jsonl.gz,ab05ec1dffc651b575e0b7bb4a9aabd3b328a657d0e23c4ae6a317424d6c5290,99,data30-4,bytetrack,95,5,0.032830565236508846,99,0
99,truck,MMOT,75,7,0,99,75,data30,50,50,<EXPERIMENT_ROOT>/results_raw/e0/results_raw/tracker_outputs/data30/data30-4/truck/ocsort.jsonl.gz,d84536a46e62fe487c385b791549f602a2f464c091546913a5b14046599fbc31,99,data30-4,ocsort,75,7,0.03895146679133177,99,0
186,bus,MMOT,77,6,0,186,180,data30,50,50,<EXPERIMENT_ROOT>/results_raw/e0/results_raw/tracker_outputs/data30/data30-4/bus/bytetrack.jsonl.gz,ccf5e745ccf70da1ac9a37dad80cd6869de41724b4f100ad1dcb41416a8a6dc9,186,data30-4,bytetrack,180,6,0.04160539340227842,186,0
186,bus,MMOT,168,8,0,186,168,data30,50,50,<EXPERIMENT_ROOT>/results_raw/e0/results_raw/tracker_outputs/data30/data30-4/bus/ocsort.jsonl.gz,c29e11c4d5a9e4a10c9978316dd3c45b58764815ea99f842ee150ce4f11453f9,186,data30-4,ocsort,168,8,0.04362586885690689,186,0
5,tricycle,MMOT,2,1,0,5,5,data30,5,50,<EXPERIMENT_ROOT>/results_raw/e0/results_raw/tracker_outputs/data30/data30-4/tricycle/bytetrack.jsonl.gz,001e327897d4d66c5a1034b0ac25ac97a0ff7e09872920674b4d4129ea031d19,5,data30-4,bytetrack,5,1,0.004026967100799084,5,45
5,tricycle,MMOT,5,1,0,5,5,data30,5,50,<EXPERIMENT_ROOT>/results_raw/e0/results_raw/tracker_outputs/data30/data30-4/tricycle/ocsort.jsonl.gz,627bafb6979d91ae8dcd5206034c4dc19b2481ad2e39b021e1d8f35a910ae6d9,5,data30-4,ocsort,5,1,0.00364484079182148,5,45
131,awning-bike,MMOT,7,5,0,131,45,data30,50,50,<EXPERIMENT_ROOT>/results_raw/e0/results_raw/tracker_outputs/data30/data30-4/awning-bike/bytetrack.jsonl.gz,88c00bf666665870f0509926b9fcb86a94ef02c985737296c4dbff788cfc19e3,131,data30-4,bytetrack,45,18,0.04410196002572775,131,0
131,awning-bike,MMOT,26,12,0,131,26,data30,50,50,<EXPERIMENT_ROOT>/results_raw/e0/results_raw/tracker_outputs/data30/data30-4/awning-bike/ocsort.jsonl.gz,9c5b93cf699e091879a9df9bbc2687ad75e2d3b933ec6c7eee792c045beebe90,131,data30-4,ocsort,26,12,0.09572200197726488,131,0
654,car,MMOT,163,22,0,654,627,data30,70,70,<EXPERIMENT_ROOT>/results_raw/e0/results_raw/tracker_outputs/data30/data30-5/car/bytetrack.jsonl.gz,b43cf6147963931400e393a8204a246a4bda960f7a28732bb1a8db3539c73168,654,data30-5,bytetrack,627,28,0.110475555062294,654,0
654,car,MMOT,590,30,0,654,590,data30,70,70,<EXPERIMENT_ROOT>/results_raw/e0/results_raw/tracker_outputs/data30/data30-5/car/ocsort.jsonl.gz,bcd74e1462b0fdb0d9f8f7d626d87a5d88e02329916f2237f7e3a6986afe7ef2,654,data30-5,ocsort,590,30,0.141264739446342,654,0
70,bike,MMOT,4,2,0,70,59,data30,70,70,<EXPERIMENT_ROOT>/results_raw/e0/results_raw/tracker_outputs/data30/data30-5/bike/bytetrack.jsonl.gz,21471d89e5e988a46af6af054cf19fae89e57db499c3ed61e8ec6eabba3f4af0,70,data30-5,bytetrack,59,4,0.035720487125217915,70,0
70,bike,MMOT,22,6,0,70,22,data30,70,70,<EXPERIMENT_ROOT>/results_raw/e0/results_raw/tracker_outputs/data30/data30-5/bike/ocsort.jsonl.gz,4af48ad9f8bc12456343bce5713684dc5b11120da8de890a462226460a1cb2ef,70,data30-5,ocsort,22,6,0.05489162355661392,70,0
1294,pedestrian,MMOT,30,27,0,1294,127,data30,70,70,<EXPERIMENT_ROOT>/results_raw/e0/results_raw/tracker_outputs/data30/data30-5/pedestrian/bytetrack.jsonl.gz,04de3087d9448a2ea72164fdb8d6ea997a13e30df5d483658c70dcf58a1840eb,1294,data30-5,bytetrack,127,100,0.18489303719252348,1294,0
1294,pedestrian,MMOT,38,38,0,1294,38,data30,70,70,<EXPERIMENT_ROOT>/results_raw/e0/results_raw/tracker_outputs/data30/data30-5/pedestrian/ocsort.jsonl.gz,cd1a66d4f9dcef9c874cd5c5b7d180ef3d1089928a57de93fa2879fad42f01f0,1294,data30-5,ocsort,38,38,0.9290321851149201,1294,0
33,van,MMOT,6,2,0,33,12,data30,24,70,<EXPERIMENT_ROOT>/results_raw/e0/results_raw/tracker_outputs/data30/data30-5/van/bytetrack.jsonl.gz,671e3d009d63f284a36b6a30f0e03e1295e3f6e07c10aca87076194a846119b3,33,data30-5,bytetrack,12,3,0.015509103424847126,33,46
33,van,MMOT,14,5,0,33,14,data30,24,70,<EXPERIMENT_ROOT>/results_raw/e0/results_raw/tracker_outputs/data30/data30-5/van/ocsort.jsonl.gz,3c89c05acd5b8237438c57c2582da7e7a4d4d24b2269d84580aa96f027958e81,33,data30-5,ocsort,14,5,0.023851326666772366,33,46
600,bus,MMOT,139,15,0,600,587,data30,70,70,<EXPERIMENT_ROOT>/results_raw/e0/results_raw/tracker_outputs/data30/data30-5/bus/bytetrack.jsonl.gz,dadb3a7c0c71c09dd0ecabd2af183e6bf95a3ee8caf7334fb13b3e96a8203499,600,data30-5,bytetrack,587,15,0.0944612417370081,600,0
600,bus,MMOT,560,17,0,600,560,data30,70,70,<EXPERIMENT_ROOT>/results_raw/e0/results_raw/tracker_outputs/data30/data30-5/bus/ocsort.jsonl.gz,b9dbf2083dbdd9aaf83e80fffbf8487fafeedd2d3155d63f962842034c7b69b0,600,data30-5,ocsort,560,17,0.09746365714818239,600,0
3,awning-bike,MMOT,0,0,0,3,0,data30,3,70,<EXPERIMENT_ROOT>/results_raw/e0/results_raw/tracker_outputs/data30/data30-5/awning-bike/bytetrack.jsonl.gz,009836eb6a34163ff8fe10ca40f8d849f6d1664a065fe9d254398713a70a3dae,3,data30-5,bytetrack,0,0,0.00960917305201292,3,67
3,awning-bike,MMOT,0,0,0,3,0,data30,3,70,<EXPERIMENT_ROOT>/results_raw/e0/results_raw/tracker_outputs/data30/data30-5/awning-bike/ocsort.jsonl.gz,db733c36d741692c76c7bfdaa9eb860709a9454f11c6f2511d6131704f650806,3,data30-5,ocsort,0,0,0.009511817246675491,3,67
941,car,MMOT,301,34,0,941,910,data30,37,37,<EXPERIMENT_ROOT>/results_raw/e0/results_raw/tracker_outputs/data30/data30-9/car/bytetrack.jsonl.gz,57261336ce862eb7b0e74d6b6f4eeec2fe92f4fd9861c8311652d42933a14517,941,data30-9,bytetrack,910,39,0.11518722679466009,941,0
941,car,MMOT,848,35,0,941,848,data30,37,37,<EXPERIMENT_ROOT>/results_raw/e0/results_raw/tracker_outputs/data30/data30-9/car/ocsort.jsonl.gz,ce0ea689626b7f99a46aa55a15ee28bd12debeaf27c0a9132439f5e825b029d7,941,data30-9,ocsort,848,35,0.11993972212076187,941,0
263,bike,MMOT,17,16,0,263,80,data30,37,37,<EXPERIMENT_ROOT>/results_raw/e0/results_raw/tracker_outputs/data30/data30-9/bike/bytetrack.jsonl.gz,6f6ff96a9c7a0115f7f1d7c438b9d5be1370bada110289a74977762cf2c3b1cd,263,data30-9,bytetrack,80,59,0.06267866399139166,263,0
263,bike,MMOT,59,42,0,263,59,data30,37,37,<EXPERIMENT_ROOT>/results_raw/e0/results_raw/tracker_outputs/data30/data30-9/bike/ocsort.jsonl.gz,6f4120c86830a30827b9253843a0537f82dd037654375322dc60946c4447ea04,263,data30-9,ocsort,59,42,0.14245204348117113,263,0
1941,pedestrian,MMOT,59,58,0,1941,123,data30,37,37,<EXPERIMENT_ROOT>/results_raw/e0/results_raw/tracker_outputs/data30/data30-9/pedestrian/bytetrack.jsonl.gz,b494931a7c37a80aa8ffc4eaaa7174b61cdcb8e7472ff6321ef9141a7838815b,1941,data30-9,bytetrack,123,94,0.21733790542930365,1941,0
1941,pedestrian,MMOT,170,166,0,1941,170,data30,37,37,<EXPERIMENT_ROOT>/results_raw/e0/results_raw/tracker_outputs/data30/data30-9/pedestrian/ocsort.jsonl.gz,98b2525de184680041ba3933b2fcafa1106cef67c20696da9f803e613eaf93d4,1941,data30-9,ocsort,170,166,1.4191731354221702,1941,0
89,van,MMOT,15,4,0,89,84,data30,35,37,<EXPERIMENT_ROOT>/results_raw/e0/results_raw/tracker_outputs/data30/data30-9/van/bytetrack.jsonl.gz,5f5c566185bd693ee13d253cd6875b0ab735f69fa7db55eea32f4fffcac8b387,89,data30-9,bytetrack,84,5,0.024519387632608414,89,2
89,van,MMOT,59,7,0,89,59,data30,35,37,<EXPERIMENT_ROOT>/results_raw/e0/results_raw/tracker_outputs/data30/data30-9/van/ocsort.jsonl.gz,5fa52728efa59a149c446250cd44a2c812a63d48708a04ce3d956c281735bd85,89,data30-9,ocsort,59,7,0.027566073462367058,89,2
32,tricycle,MMOT,4,2,0,32,32,data30,30,37,<EXPERIMENT_ROOT>/results_raw/e0/results_raw/tracker_outputs/data30/data30-9/tricycle/bytetrack.jsonl.gz,a329195a404c22a347cc726234b2c68ff7fdd6a50580e5c8e5817fb192f712ea,32,data30-9,bytetrack,32,2,0.016750813461840153,32,7
32,tricycle,MMOT,31,4,0,32,31,data30,30,37,<EXPERIMENT_ROOT>/results_raw/e0/results_raw/tracker_outputs/data30/data30-9/tricycle/ocsort.jsonl.gz,b407e6be75f5908cf45b56cd43bf4b68695aa08b156a42c06f28c93d6f822670,32,data30-9,ocsort,31,4,0.017886312678456306,32,7
368,awning-bike,MMOT,19,18,0,368,170,data30,37,37,<EXPERIMENT_ROOT>/results_raw/e0/results_raw/tracker_outputs/data30/data30-9/awning-bike/bytetrack.jsonl.gz,ebcd6aba6ef207a292f3d8870ab0f530e48ff5d779c63b0f50bf8391c23ba209,368,data30-9,bytetrack,170,82,0.08730226196348667,368,0
368,awning-bike,MMOT,129,55,0,368,129,data30,37,37,<EXPERIMENT_ROOT>/results_raw/e0/results_raw/tracker_outputs/data30/data30-9/awning-bike/ocsort.jsonl.gz,bada966826c9806bab225fa45e998c79a1aa445fe814292204965886c7fd58a3,368,data30-9,ocsort,129,55,0.17018885724246502,368,0
